{
"type": "FeatureCollection",
"name": "D:\\notlar\\_Business_\\ClimEra\\KARBON SAYACI PROJE\\veri.geojson",
"features": [
{ "type": "Feature", "properties": { }, "geometry": { "type": "Polygon", "coordinates": [ [ [ 416203.461699999985, 4559665.699099999852, 36.174999237060547 ], [ 416199.8921, 4559668.046, 36.353000640869141 ], [ 416198.8945, 4559666.544599999674, 36.355998992919922 ], [ 416202.487399999984, 4559664.1742, 36.195999145507813 ], [ 416203.461699999985, 4559665.699099999852, 36.174999237060547 ] ] ] } },
{ "type": "Feature", "properties": { "ELEVATION": "36.417" }, "geometry": { "type": "Polygon", "coordinates": [ [ [ 416232.8383, 4559659.36419999972, 36.416999816894531 ], [ 416231.678599999985, 4559656.535099999979, 36.416999816894531 ], [ 416229.9427, 4559657.1792, 36.416999816894531 ], [ 416231.0899, 4559660.0196, 36.416999816894531 ], [ 416232.8383, 4559659.36419999972, 36.416999816894531 ] ] ] } },
{ "type": "Feature", "properties": { }, "geometry": { "type": "Polygon", "coordinates": [ [ [ 416214.017899999977, 4559668.308199999854, 36.334999084472656 ], [ 416212.557199999981, 4559668.1473, 36.247001647949219 ], [ 416212.8656, 4559665.320199999958, 36.088001251220703 ], [ 416214.368599999987, 4559665.5185, 36.081001281738281 ], [ 416214.017899999977, 4559668.308199999854, 36.334999084472656 ] ] ] } },
{ "type": "Feature", "properties": { "ELEVATION": "0" }, "geometry": { "type": "Polygon", "coordinates": [ [ [ 416035.763734750973526, 4559816.908722429536283, 0.0 ], [ 416042.2831, 4559822.6096, 0.0 ], [ 416043.0797, 4559821.66849999968, 0.0 ], [ 416036.5676, 4559815.922, 0.0 ], [ 416036.555801640613936, 4559815.91525729931891, 0.0 ], [ 416035.763734750973526, 4559816.908722429536283, 0.0 ] ] ] } },
{ "type": "Feature", "properties": { }, "geometry": { "type": "Polygon", "coordinates": [ [ [ 415376.974872149992734, 4560025.014190011657774, 0.0 ], [ 415376.964131161104888, 4560025.114238319918513, 0.0 ], [ 415376.974872149992734, 4560025.110235816799104, 0.0 ], [ 415376.974872149992734, 4560025.014190011657774, 0.0 ] ] ] } },
{ "type": "Feature", "properties": { }, "geometry": { "type": "Polygon", "coordinates": [ [ [ 415376.974872149992734, 4560025.014190011657774, 0.0 ], [ 415376.974872149992734, 4560025.110235816799104, 0.0 ], [ 415377.710693068278488, 4560020.674063977785408, 0.0 ], [ 415376.974872149992734, 4560025.014190011657774, 0.0 ] ] ] } },
{ "type": "Feature", "properties": { }, "geometry": { "type": "Polygon", "coordinates": [ [ [ 415377.710693068278488, 4560020.674063977785408, 0.0 ], [ 415376.974872149992734, 4560025.110235816799104, 0.0 ], [ 415377.710693068278488, 4560024.836040797643363, 0.0 ], [ 415377.710693068278488, 4560020.674063977785408, 0.0 ] ] ] } },
{ "type": "Feature", "properties": { }, "geometry": { "type": "Polygon", "coordinates": [ [ [ 415377.710693068278488, 4560020.674063977785408, 0.0 ], [ 415377.710693068278488, 4560024.836040797643363, 0.0 ], [ 415379.072504368086811, 4560021.799894079566002, 0.0 ], [ 415377.710693068278488, 4560020.674063977785408, 0.0 ] ] ] } },
{ "type": "Feature", "properties": { }, "geometry": { "type": "Polygon", "coordinates": [ [ [ 415379.072504368086811, 4560021.799894079566002, 0.0 ], [ 415377.710693068278488, 4560024.836040797643363, 0.0 ], [ 415379.072504368086811, 4560024.328577817417681, 0.0 ], [ 415379.072504368086811, 4560021.799894079566002, 0.0 ] ] ] } },
{ "type": "Feature", "properties": { }, "geometry": { "type": "Polygon", "coordinates": [ [ [ 415379.072504368086811, 4560021.799894079566002, 0.0 ], [ 415379.072504368086811, 4560024.328577817417681, 0.0 ], [ 415381.180876953119878, 4560023.542917747050524, 0.0 ], [ 415379.072504368086811, 4560021.799894079566002, 0.0 ] ] ] } },
{ "type": "Feature", "properties": { }, "geometry": { "type": "Polygon", "coordinates": [ [ [ 416133.093490447790828, 4559629.885079448111355, 62.457130432128906 ], [ 416130.009962503274437, 4559630.682899262756109, 62.457130432128906 ], [ 416133.093490447790828, 4559633.824551985599101, 62.457130432128906 ], [ 416133.093490447790828, 4559629.885079448111355, 62.457130432128906 ] ] ] } },
{ "type": "Feature", "properties": { }, "geometry": { "type": "Polygon", "coordinates": [ [ [ 416133.093490447790828, 4559629.885079448111355, 62.457130432128906 ], [ 416133.093490447790828, 4559633.824551985599101, 62.457130432128906 ], [ 416133.168220729101449, 4559629.86574403103441, 62.457130432128906 ], [ 416133.093490447790828, 4559629.885079448111355, 62.457130432128906 ] ] ] } },
{ "type": "Feature", "properties": { }, "geometry": { "type": "Polygon", "coordinates": [ [ [ 416133.168220729101449, 4559629.86574403103441, 62.457130432128906 ], [ 416133.093490447790828, 4559633.824551985599101, 62.457130432128906 ], [ 416133.168220729101449, 4559633.891934608109295, 62.457130432128906 ], [ 416133.168220729101449, 4559629.86574403103441, 62.457130432128906 ] ] ] } },
{ "type": "Feature", "properties": { }, "geometry": { "type": "Polygon", "coordinates": [ [ [ 416133.168220729101449, 4559629.86574403103441, 62.457130432128906 ], [ 416133.168220729101449, 4559633.891934608109295, 62.457130432128906 ], [ 416133.768570968182757, 4559629.710411787033081, 62.457130432128906 ], [ 416133.168220729101449, 4559629.86574403103441, 62.457130432128906 ] ] ] } },
{ "type": "Feature", "properties": { }, "geometry": { "type": "Polygon", "coordinates": [ [ [ 416133.768570968182757, 4559629.710411787033081, 62.457130432128906 ], [ 416133.168220729101449, 4559633.891934608109295, 62.457130432128906 ], [ 416133.768570968182757, 4559631.723506699316204, 62.457130432128906 ], [ 416133.768570968182757, 4559629.710411787033081, 62.457130432128906 ] ] ] } },
{ "type": "Feature", "properties": { }, "geometry": { "type": "Polygon", "coordinates": [ [ [ 416133.768570968182757, 4559629.710411787033081, 62.457130432128906 ], [ 416133.768570968182757, 4559631.723506699316204, 62.457130432128906 ], [ 416134.368921190500259, 4559629.555079546757042, 62.457130432128906 ], [ 416133.768570968182757, 4559629.710411787033081, 62.457130432128906 ] ] ] } },
{ "type": "Feature", "properties": { }, "geometry": { "type": "Polygon", "coordinates": [ [ [ 416305.62761806108756, 4559584.432632407173514, 0.0 ], [ 416302.544090116571169, 4559585.230452220886946, 0.0 ], [ 416305.62761806108756, 4559588.37210494466126, 0.0 ], [ 416305.62761806108756, 4559584.432632407173514, 0.0 ] ] ] } },
{ "type": "Feature", "properties": { }, "geometry": { "type": "Polygon", "coordinates": [ [ [ 416305.62761806108756, 4559584.432632407173514, 0.0 ], [ 416305.62761806108756, 4559588.37210494466126, 0.0 ], [ 416305.702348342398182, 4559584.413296990096569, 0.0 ], [ 416305.62761806108756, 4559584.432632407173514, 0.0 ] ] ] } },
{ "type": "Feature", "properties": { }, "geometry": { "type": "Polygon", "coordinates": [ [ [ 416305.702348342398182, 4559584.413296990096569, 0.0 ], [ 416305.62761806108756, 4559588.37210494466126, 0.0 ], [ 416305.702348342398182, 4559588.439487567171454, 0.0 ], [ 416305.702348342398182, 4559584.413296990096569, 0.0 ] ] ] } },
{ "type": "Feature", "properties": { }, "geometry": { "type": "Polygon", "coordinates": [ [ [ 416305.702348342398182, 4559584.413296990096569, 0.0 ], [ 416305.702348342398182, 4559588.439487567171454, 0.0 ], [ 416306.30269858147949, 4559584.25796474609524, 0.0 ], [ 416305.702348342398182, 4559584.413296990096569, 0.0 ] ] ] } },
{ "type": "Feature", "properties": { }, "geometry": { "type": "Polygon", "coordinates": [ [ [ 416306.30269858147949, 4559584.25796474609524, 0.0 ], [ 416305.702348342398182, 4559588.439487567171454, 0.0 ], [ 416306.30269858147949, 4559586.27105965744704, 0.0 ], [ 416306.30269858147949, 4559584.25796474609524, 0.0 ] ] ] } },
{ "type": "Feature", "properties": { }, "geometry": { "type": "Polygon", "coordinates": [ [ [ 416306.30269858147949, 4559584.25796474609524, 0.0 ], [ 416306.30269858147949, 4559586.27105965744704, 0.0 ], [ 416306.903048803796992, 4559584.102632505819201, 0.0 ], [ 416306.30269858147949, 4559584.25796474609524, 0.0 ] ] ] } },
{ "type": "Feature", "properties": { "ELEVATION": "0" }, "geometry": { "type": "Polygon", "coordinates": [ [ [ 415570.138996563910041, 4560251.288444159552455, 0.0 ], [ 415672.181811064074282, 4560220.318252326920629, 0.0 ], [ 415780.372574464883655, 4560098.586688639596105, 0.0 ], [ 415803.999620574119035, 4560004.454659571871161, 0.0 ], [ 415912.627898591919802, 4559952.368464132770896, 0.0 ], [ 415982.395054973603692, 4559958.24353932030499, 0.0 ], [ 416067.834013050713111, 4559872.419898978434503, 0.0 ], [ 416211.22651948017301, 4559690.973377282731235, 0.0 ], [ 416302.049939869786613, 4559662.160642920061946, 0.0 ], [ 416322.321018708520569, 4559584.784255689941347, 0.0 ], [ 416024.836185500724241, 4559669.183075314387679, 0.0 ], [ 415968.791661578288767, 4559703.57831664942205, 0.0 ], [ 415910.957328072807286, 4559800.078075451776385, 0.0 ], [ 415783.833190102304798, 4559808.84668440464884, 0.0 ], [ 415682.722470568027347, 4559768.028276390396059, 0.0 ], [ 415593.663976137991995, 4559696.826337307691574, 0.0 ], [ 415568.248657395190094, 4559713.426140509545803, 0.0 ], [ 415570.101870886282995, 4559783.405953081324697, 0.0 ], [ 415609.230694265395869, 4559862.087707615457475, 0.0 ], [ 415584.286909622722305, 4559894.390194239094853, 0.0 ], [ 415431.579104856413323, 4559917.244686949066818, 0.0 ], [ 415375.654378769511823, 4559978.737027356401086, 0.0 ], [ 415413.995608227094635, 4560068.203048875555396, 0.0 ], [ 415386.63496903720079, 4560111.187641716562212, 0.0 ], [ 415414.727991521474905, 4560252.50571502558887, 0.0 ], [ 415458.226280572125688, 4560246.109628217294812, 0.0 ], [ 415504.568391269771382, 4560246.109719191677868, 0.0 ], [ 415545.352147102588788, 4560256.095527922734618, 0.0 ], [ 415570.138996563910041, 4560251.288444159552455, 0.0 ] ] ] } },
{ "type": "Feature", "properties": { "ELEVATION": "126.311" }, "geometry": { "type": "Polygon", "coordinates": [ [ [ 415417.317171152215451, 4560220.541609780862927, 126.310997009277344 ], [ 415421.961852077220101, 4560223.820762353949249, 126.310997009277344 ], [ 415425.492947658000048, 4560218.983398207463324, 126.310997009277344 ], [ 415420.838637812528759, 4560215.40943296905607, 126.310997009277344 ], [ 415417.317171152215451, 4560220.541609780862927, 126.310997009277344 ] ] ] } },
{ "type": "Feature", "properties": { "ELEVATION": "0" }, "geometry": { "type": "Polygon", "coordinates": [ [ [ 416043.6636, 4559838.6595, 0.0 ], [ 416043.86788569757482, 4559838.565938740037382, 0.0 ], [ 416043.885, 4559838.565799999982, 0.0 ], [ 416044.3729, 4559839.395499999635, 0.0 ], [ 416044.9215, 4559841.0431, 0.0 ], [ 416043.3368, 4559841.4056, 0.0 ], [ 416042.4856, 4559840.957799999975, 0.0 ], [ 416041.842699999979, 4559839.284599999897, 0.0 ], [ 416043.6636, 4559838.6595, 0.0 ] ] ] } },
{ "type": "Feature", "properties": { "ELEVATION": "0" }, "geometry": { "type": "Polygon", "coordinates": [ [ [ 415412.512899999972, 4560078.9362, 0.0 ], [ 415410.834, 4560077.681599999778, 0.0 ], [ 415407.949199999974, 4560076.003399999812, 0.0 ], [ 415407.349188119522296, 4560076.765042789280415, 0.0 ], [ 415406.5392, 4560076.00299999956, 0.0 ], [ 415405.1689, 4560073.8563, 0.0 ], [ 415404.4399, 4560071.7099, 0.0 ], [ 415404.1081, 4560069.075699999928, 0.0 ], [ 415401.2552, 4560069.5075, 0.0 ], [ 415402.1389, 4560072.3908, 0.0 ], [ 415403.0771, 4560075.1379, 0.0 ], [ 415404.689599999983, 4560077.547299999744, 0.0 ], [ 415405.7759, 4560078.2933, 0.0 ], [ 415408.9949, 4560079.979899999686, 0.0 ], [ 415410.587, 4560081.063299999572, 0.0 ], [ 415407.819611028477084, 4560083.121949149295688, 0.0 ], [ 415409.085842874424998, 4560084.883873214945197, 0.0 ], [ 415411.552099999972, 4560082.5739, 0.0 ], [ 415415.615899999975, 4560082.064699999988, 0.0 ], [ 415415.8177, 4560080.1397, 0.0 ], [ 415412.512899999972, 4560078.9362, 0.0 ] ] ] } },
{ "type": "Feature", "properties": { "ELEVATION": "0" }, "geometry": { "type": "Polygon", "coordinates": [ [ [ 415474.482499999984, 4560080.4479, 0.0 ], [ 415473.7134, 4560082.592799999751, 0.0 ], [ 415473.2898, 4560083.7773, 0.0 ], [ 415472.5384, 4560084.2603, 0.0 ], [ 415470.8712, 4560082.206899999641, 0.0 ], [ 415471.082, 4560079.82079999987, 0.0 ], [ 415471.5739, 4560077.431499999948, 0.0 ], [ 415472.3027, 4560075.7958, 0.0 ], [ 415473.8899, 4560076.888199999928, 0.0 ], [ 415475.422299999977, 4560077.73909999989, 0.0 ], [ 415475.4403, 4560077.85099999979, 0.0 ], [ 415474.482499999984, 4560080.4479, 0.0 ] ] ] } },
{ "type": "Feature", "properties": { "ELEVATION": "0" }, "geometry": { "type": "Polygon", "coordinates": [ [ [ 415463.6151, 4560080.0728, 0.0 ], [ 415461.932199999981, 4560082.3793, 0.0 ], [ 415459.5371, 4560079.579, 0.0 ], [ 415465.1654, 4560076.820299999788, 0.0 ], [ 415465.694299999974, 4560077.332899999805, 0.0 ], [ 415463.6151, 4560080.0728, 0.0 ] ] ] } },
{ "type": "Feature", "properties": { "ELEVATION": "0" }, "geometry": { "type": "Polygon", "coordinates": [ [ [ 415707.619, 4559940.4577, 0.0 ], [ 415706.2719, 4559940.4555, 0.0 ], [ 415705.2415, 4559940.7706, 0.0 ], [ 415705.095, 4559941.023299999535, 0.0 ], [ 415704.7071, 4559941.744199999608, 0.0 ], [ 415704.6317, 4559942.482599999756, 0.0 ], [ 415705.0489, 4559943.4308, 0.0 ], [ 415705.7848, 4559944.4353, 0.0 ], [ 415706.469, 4559944.814, 0.0 ], [ 415707.2419, 4559944.7262, 0.0 ], [ 415707.9448, 4559944.322599999607, 0.0 ], [ 415708.951699999976, 4559943.1392, 0.0 ], [ 415709.4487, 4559942.275899999775, 0.0 ], [ 415709.464099999983, 4559941.941399999894, 0.0 ], [ 415709.1265, 4559941.271099999547, 0.0 ], [ 415707.619, 4559940.4577, 0.0 ] ] ] } },
{ "type": "Feature", "properties": { "ELEVATION": "0" }, "geometry": { "type": "Polygon", "coordinates": [ [ [ 415940.071699999971, 4559871.126199999824, 0.0 ], [ 415940.107011831423733, 4559871.108939248137176, 0.0 ], [ 415937.5821, 4559866.957299999893, 0.0 ], [ 415937.575144849775825, 4559866.94612399954349, 0.0 ], [ 415927.619731429673266, 4559873.141667416319251, 0.0 ], [ 415927.655099999974, 4559873.1985, 0.0 ], [ 415929.599, 4559876.2662, 0.0 ], [ 415934.5801, 4559874.1306, 0.0 ], [ 415940.071699999971, 4559871.126199999824, 0.0 ] ] ] } },
{ "type": "Feature", "properties": { "ELEVATION": "0" }, "geometry": { "type": "Polygon", "coordinates": [ [ [ 415934.051, 4559859.8048, 0.0 ], [ 415923.1433, 4559866.7426, 0.0 ], [ 415926.2304, 4559871.859799999744, 0.0 ], [ 415937.2798, 4559865.0515, 0.0 ], [ 415934.051, 4559859.8048, 0.0 ] ] ] } },
{ "type": "Feature", "properties": { "ELEVATION": "0" }, "geometry": { "type": "Polygon", "coordinates": [ [ [ 415966.516, 4559858.491499999538, 0.0 ], [ 415969.5516, 4559857.0826, 0.0 ], [ 415973.8554, 4559855.0893, 0.0 ], [ 415978.0128, 4559852.7045, 0.0 ], [ 415981.819499999983, 4559850.5458, 0.0 ], [ 415985.222499999974, 4559848.461799999699, 0.0 ], [ 415989.949299999978, 4559845.7394, 0.0 ], [ 415993.9234, 4559843.24899999984, 0.0 ], [ 415997.4032, 4559840.983, 0.0 ], [ 416001.3518, 4559838.687199999578, 0.0 ], [ 416002.201913476223126, 4559838.232595395296812, 0.0 ], [ 416002.083099999989, 4559837.829099999741, 0.0 ], [ 416000.658949616015889, 4559830.318513753823936, 0.0 ], [ 415998.955299999972, 4559823.047799999826, 0.0 ], [ 415997.9031, 4559818.9912, 0.0 ], [ 415995.439699999988, 4559812.0608, 0.0 ], [ 415992.392799999972, 4559810.444199999794, 0.0 ], [ 415989.3042, 4559809.721, 0.0 ], [ 415988.328199999989, 4559813.8909, 0.0 ], [ 415987.181, 4559819.090099999681, 0.0 ], [ 415986.2749, 4559823.1314, 0.0 ], [ 415985.347, 4559826.962, 0.0 ], [ 415983.386699999974, 4559831.667399999686, 0.0 ], [ 415982.4279, 4559834.410799999721, 0.0 ], [ 415980.364899999986, 4559837.2625, 0.0 ], [ 415977.614899999986, 4559840.225399999879, 0.0 ], [ 415975.1989, 4559842.2992, 0.0 ], [ 415971.4857, 4559845.654099999927, 0.0 ], [ 415968.831, 4559847.928399999626, 0.0 ], [ 415965.7481, 4559850.6896, 0.0 ], [ 415963.0341, 4559853.566599999554, 0.0 ], [ 415961.9852, 4559855.927899999544, 0.0 ], [ 415962.470600000116974, 4559857.6972, 0.0 ], [ 415963.677399999986, 4559859.0718, 0.0 ], [ 415966.516, 4559858.491499999538, 0.0 ] ] ] } },
{ "type": "Feature", "properties": { "ELEVATION": "0" }, "geometry": { "type": "Polygon", "coordinates": [ [ [ 416044.758099999977, 4559875.0914, 0.0 ], [ 416046.269, 4559877.1456, 0.0 ], [ 416048.317099999986, 4559875.6281, 0.0 ], [ 416046.8062, 4559873.5739, 0.0 ], [ 416044.758099999977, 4559875.0914, 0.0 ] ] ] } },
{ "type": "Feature", "properties": { "ELEVATION": "0" }, "geometry": { "type": "Polygon", "coordinates": [ [ [ 416035.692, 4559887.092799999751, 0.0 ], [ 416034.7785, 4559885.892599999905, 0.0 ], [ 416036.0122, 4559885.012, 0.0 ], [ 416036.8908, 4559886.23599999957, 0.0 ], [ 416035.692, 4559887.092799999751, 0.0 ] ] ] } },
{ "type": "Feature", "properties": { "ELEVATION": "0" }, "geometry": { "type": "Polygon", "coordinates": [ [ [ 416066.051720925373957, 4559809.653598420321941, 0.0 ], [ 416070.004118177923374, 4559814.403813784010708, 0.0 ], [ 416074.513688448874746, 4559810.736511755734682, 0.0 ], [ 416070.597090375726111, 4559805.857220646925271, 0.0 ], [ 416066.051720925373957, 4559809.653598420321941, 0.0 ] ] ] } },
{ "type": "Feature", "properties": { "ELEVATION": "0" }, "geometry": { "type": "Polygon", "coordinates": [ [ [ 416227.153646969993133, 4559659.948444182053208, 0.0 ], [ 416226.3902, 4559658.0197, 0.0 ], [ 416223.933260051882826, 4559651.826140572316945, 0.0 ], [ 416232.3142, 4559648.5016, 0.0 ], [ 416235.3903, 4559655.7361, 0.0 ], [ 416235.580520483781584, 4559656.183468450792134, 0.0 ], [ 416234.5655, 4559656.7163, 0.0 ], [ 416233.1483, 4559656.894799999893, 0.0 ], [ 416231.947820982080884, 4559657.191867336630821, 0.0 ], [ 416232.8383, 4559659.36419999972, 0.0 ], [ 416231.884465920215007, 4559659.721751392818987, 0.0 ], [ 416231.0899, 4559660.0196, 0.0 ], [ 416230.230170105118304, 4559657.890959140844643, 0.0 ], [ 416230.0023, 4559657.98379999958, 0.0 ], [ 416229.3225, 4559658.430399999954, 0.0 ], [ 416228.3627, 4559659.1223, 0.0 ], [ 416227.9048, 4559659.592899999581, 0.0 ], [ 416227.5271, 4559659.8161, 0.0 ], [ 416227.153646969993133, 4559659.948444182053208, 0.0 ] ] ] } },
{ "type": "Feature", "properties": { "ELEVATION": "0" }, "geometry": { "type": "Polygon", "coordinates": [ [ [ 416257.330090340226889, 4559630.492343628779054, 0.0 ], [ 416262.992466144089121, 4559649.285117749124765, 0.0 ], [ 416258.189056792820338, 4559650.724708621390164, 0.0 ], [ 416257.009004535211716, 4559646.808250883594155, 0.0 ], [ 416255.383196204318665, 4559647.334903310984373, 0.0 ], [ 416254.446211241593119, 4559644.647376030683517, 0.0 ], [ 416255.801107322389726, 4559644.213671364821494, 0.0 ], [ 416252.138141495524906, 4559632.056709024123847, 0.0 ], [ 416257.330090340226889, 4559630.492343628779054, 0.0 ] ] ] } },
{ "type": "Feature", "properties": { "ELEVATION": "0" }, "geometry": { "type": "Polygon", "coordinates": [ [ [ 415429.833099999989, 4560114.050599999726, 0.0 ], [ 415435.049, 4560114.887699999847, 0.0 ], [ 415436.0429, 4560110.04889999982, 0.0 ], [ 415435.021, 4560108.555599999614, 0.0 ], [ 415435.2808, 4560106.7877, 0.0 ], [ 415437.2192, 4560105.082399999723, 0.0 ], [ 415439.432099999976, 4560105.348899999633, 0.0 ], [ 415440.1273, 4560099.0674, 0.0 ], [ 415437.244599999976, 4560098.726499999873, 0.0 ], [ 415437.289, 4560098.3594, 0.0 ], [ 415435.4474, 4560097.692099999636, 0.0 ], [ 415434.363399999973, 4560097.57799999975, 0.0 ], [ 415432.9035, 4560097.8337, 0.0 ], [ 415432.8309, 4560098.2311, 0.0 ], [ 415429.937199999986, 4560097.8881, 0.0 ], [ 415429.228853547712788, 4560104.086736283265054, 0.0 ], [ 415430.713995159720071, 4560104.271797298453748, 0.0 ], [ 415432.3176, 4560106.3888, 0.0 ], [ 415432.0593, 4560108.1423, 0.0 ], [ 415430.6521, 4560109.2505, 0.0 ], [ 415429.833099999989, 4560114.050599999726, 0.0 ] ] ] } },
{ "type": "Feature", "properties": { "ELEVATION": "0" }, "geometry": { "type": "Polygon", "coordinates": [ [ [ 415674.146799999988, 4559944.8672, 0.0 ], [ 415676.7886, 4559947.965699999593, 0.0 ], [ 415676.273899999971, 4559948.5981, 0.0 ], [ 415672.574199999974, 4559953.0371, 0.0 ], [ 415667.302, 4559954.956199999899, 0.0 ], [ 415662.9098, 4559956.5487, 0.0 ], [ 415659.109899999981, 4559957.903199999593, 0.0 ], [ 415660.862, 4559954.5974, 0.0 ], [ 415662.641799999983, 4559951.2169, 0.0 ], [ 415664.1213, 4559948.295199999586, 0.0 ], [ 415664.127546147385146, 4559948.282865177839994, 0.0 ], [ 415665.5528, 4559948.915099999867, 0.0 ], [ 415666.099020283785649, 4559947.76696094032377, 0.0 ], [ 415662.5954, 4559946.1846, 0.0 ], [ 415662.0753, 4559947.37249999959, 0.0 ], [ 415663.461885698605329, 4559947.98758183978498, 0.0 ], [ 415661.6207, 4559951.537399999797, 0.0 ], [ 415659.559499999974, 4559955.4022, 0.0 ], [ 415658.030099999974, 4559958.302199999802, 0.0 ], [ 415652.555265467613935, 4559960.33047938067466, 0.0 ], [ 415652.5416, 4559960.3128, 0.0 ], [ 415652.2733, 4559960.0448, 0.0 ], [ 415651.4635, 4559959.3289, 0.0 ], [ 415650.551099999982, 4559958.745199999772, 0.0 ], [ 415648.2395, 4559955.9028, 0.0 ], [ 415648.2171, 4559955.852, 0.0 ], [ 415647.9988, 4559954.2428, 0.0 ], [ 415649.145599999989, 4559952.674499999732, 0.0 ], [ 415650.358699999982, 4559950.95, 0.0 ], [ 415651.426, 4559948.888299999759, 0.0 ], [ 415652.0244, 4559946.855399999768, 0.0 ], [ 415656.57, 4559945.5378, 0.0 ], [ 415660.9987, 4559944.2648, 0.0 ], [ 415662.2676, 4559944.325699999928, 0.0 ], [ 415663.725199999986, 4559943.717899999581, 0.0 ], [ 415664.470299999986, 4559942.0343, 0.0 ], [ 415667.9239, 4559943.756099999882, 0.0 ], [ 415669.183599999989, 4559941.6445, 0.0 ], [ 415672.0881, 4559939.0618, 0.0 ], [ 415675.64, 4559937.3113, 0.0 ], [ 415675.637105833389796, 4559937.28740864712745, 0.0 ], [ 415675.9796, 4559937.1375, 0.0 ], [ 415676.848481439228635, 4559936.969695751555264, 0.0 ], [ 415675.6646, 4559939.224899999797, 0.0 ], [ 415675.375479099282529, 4559939.65198315680027, 0.0 ], [ 415675.2996, 4559939.37789999973, 0.0 ], [ 415672.7138, 4559939.976499999873, 0.0 ], [ 415671.9856, 4559940.2937, 0.0 ], [ 415671.2426, 4559940.856499999762, 0.0 ], [ 415670.6999, 4559941.5403, 0.0 ], [ 415670.280199999979, 4559941.973899999633, 0.0 ], [ 415670.2195, 4559942.9676, 0.0 ], [ 415669.6006, 4559943.085799999535, 0.0 ], [ 415668.626, 4559944.305599999614, 0.0 ], [ 415668.7762, 4559945.6134, 0.0 ], [ 415670.319599999988, 4559945.382299999706, 0.0 ], [ 415674.146799999988, 4559944.8672, 0.0 ] ] ] } },
{ "type": "Feature", "properties": { "ELEVATION": "0" }, "geometry": { "type": "Polygon", "coordinates": [ [ [ 415687.944599999988, 4559938.2023, 0.0 ], [ 415686.645299999975, 4559938.4927, 0.0 ], [ 415686.544551337778103, 4559938.41567543707788, 0.0 ], [ 415684.009399999981, 4559941.3622, 0.0 ], [ 415678.316728078818414, 4559947.707092729397118, 0.0 ], [ 415677.53983421321027, 4559948.624766148626804, 0.0 ], [ 415677.0066, 4559949.2549, 0.0 ], [ 415675.7736, 4559950.482099999674, 0.0 ], [ 415674.032499999972, 4559952.48599999957, 0.0 ], [ 415676.0026, 4559951.782399999909, 0.0 ], [ 415678.891681097389665, 4559950.77078125346452, 0.0 ], [ 415678.6586, 4559950.1456, 0.0 ], [ 415689.432299999986, 4559946.169099999592, 0.0 ], [ 415691.418799999985, 4559944.4845, 0.0 ], [ 415691.1658, 4559942.775799999945, 0.0 ], [ 415690.088, 4559940.80439999979, 0.0 ], [ 415688.7171, 4559938.599899999797, 0.0 ], [ 415687.944599999988, 4559938.2023, 0.0 ] ] ] } },
{ "type": "Feature", "properties": { "ELEVATION": "0" }, "geometry": { "type": "Polygon", "coordinates": [ [ [ 416062.075538570410572, 4559823.000759053044021, 0.0 ], [ 416064.363570564892143, 4559828.177691979333758, 0.0 ], [ 416060.815899999987, 4559830.5372, 0.0 ], [ 416058.1829, 4559832.3602, 0.0 ], [ 416054.988499999978, 4559834.627299999818, 0.0 ], [ 416051.99369361292338, 4559836.64108650945127, 0.0 ], [ 416051.993693615309894, 4559836.641086512245238, 0.0 ], [ 416051.993693612981588, 4559836.64108650945127, 0.0 ], [ 416048.328199999989, 4559832.196899999864, 0.0 ], [ 416046.09535, 4559829.77005, 0.0 ], [ 416045.733760877104942, 4559829.377044395543635, 0.0 ], [ 416045.745799999975, 4559829.367499999702, 0.0 ], [ 416047.5357, 4559827.9485, 0.0 ], [ 416049.7798, 4559831.136099999771, 0.0 ], [ 416056.1414, 4559826.645499999635, 0.0 ], [ 416053.9747, 4559823.471499999985, 0.0 ], [ 416055.0012, 4559822.593299999833, 0.0 ], [ 416057.8057, 4559820.722799999639, 0.0 ], [ 416061.4304, 4559818.203099999577, 0.0 ], [ 416063.4489, 4559816.73369999975, 0.0 ], [ 416065.144199999981, 4559815.704599999823, 0.0 ], [ 416066.493299999973, 4559815.876799999736, 0.0 ], [ 416068.5871, 4559817.013399999589, 0.0 ], [ 416069.3875, 4559819.029099999927, 0.0 ], [ 416069.319703060376924, 4559819.799079528078437, 0.0 ], [ 416062.075538570410572, 4559823.000759053044021, 0.0 ] ] ] } },
{ "type": "Feature", "properties": { "ELEVATION": "0" }, "geometry": { "type": "Polygon", "coordinates": [ [ [ 416039.3406, 4559774.9515, 0.0 ], [ 416039.072405184677336, 4559774.545060224831104, 0.0 ], [ 416038.8702, 4559774.773599999957, 0.0 ], [ 416036.3044, 4559777.987599999644, 0.0 ], [ 416034.001699999673292, 4559784.375300001353025, 0.0 ], [ 416031.7829, 4559790.621, 0.0 ], [ 416029.4906, 4559796.8908, 0.0 ], [ 416029.400399999984, 4559799.045599999838, 0.0 ], [ 416029.4537, 4559799.1549, 0.0 ], [ 416029.787512670794968, 4559799.121838681399822, 0.0 ], [ 416031.4208, 4559803.949599999934, 0.0 ], [ 416031.8529, 4559804.515499999747, 0.0 ], [ 416033.535099999979, 4559806.431099999696, 0.0 ], [ 416033.569166651519481, 4559806.481395498849452, 0.0 ], [ 416035.8823, 4559803.183, 0.0 ], [ 416040.832906119525433, 4559796.183826860040426, 0.0 ], [ 416041.8602, 4559794.73369999975, 0.0 ], [ 416043.68, 4559791.4539, 0.0 ], [ 416045.1483, 4559787.7571, 0.0 ], [ 416046.8199, 4559783.784799999557, 0.0 ], [ 416046.8522, 4559783.598899999633, 0.0 ], [ 416046.792399999977, 4559781.39699999988, 0.0 ], [ 416046.4403, 4559779.899299999699, 0.0 ], [ 416045.2149, 4559775.6648, 0.0 ], [ 416043.9888, 4559775.3868, 0.0 ], [ 416041.8804, 4559777.7214, 0.0 ], [ 416039.3406, 4559774.9515, 0.0 ] ] ] } },
{ "type": "Feature", "properties": { "ELEVATION": "0" }, "geometry": { "type": "Polygon", "coordinates": [ [ [ 416029.2266, 4559812.837399999611, 0.0 ], [ 416026.8985, 4559810.4472, 0.0 ], [ 416025.3589, 4559806.915, 0.0 ], [ 416025.054362922383007, 4559805.84382975846529, 0.0 ], [ 416024.0407, 4559802.2784, 0.0 ], [ 416022.8932, 4559798.767199999653, 0.0 ], [ 416023.1193, 4559796.237599999644, 0.0 ], [ 416024.215299999982, 4559794.466699999757, 0.0 ], [ 416025.705399999977, 4559790.404299999587, 0.0 ], [ 416030.2694, 4559780.5273, 0.0 ], [ 416032.4597, 4559776.0425, 0.0 ], [ 416036.011899999983, 4559770.796699999832, 0.0 ], [ 416036.310500273073558, 4559770.462652280926704, 0.0 ], [ 416035.851064544986002, 4559769.885389614850283, 0.0 ], [ 416040.496011397626717, 4559766.137023740448058, 0.0 ], [ 416036.210646852385253, 4559760.752634124830365, 0.0 ], [ 416035.9091, 4559760.4691, 0.0 ], [ 416034.447, 4559757.912299999967, 0.0 ], [ 416033.428399999975, 4559757.067699999548, 0.0 ], [ 416032.2683, 4559757.279799999669, 0.0 ], [ 416031.433499999985, 4559757.813699999824, 0.0 ], [ 416028.4802, 4559761.055499999784, 0.0 ], [ 416021.2719, 4559768.785799999721, 0.0 ], [ 416011.6666, 4559778.062099999748, 0.0 ], [ 416009.633299999987, 4559780.063699999824, 0.0 ], [ 416005.9854, 4559783.623399999924, 0.0 ], [ 416002.8827, 4559786.7158, 0.0 ], [ 415998.6457, 4559790.3644, 0.0 ], [ 415998.8641, 4559791.5449, 0.0 ], [ 415998.2541, 4559794.485399999656, 0.0 ], [ 415998.204291466507129, 4559797.72515651024878, 0.0 ], [ 415998.0543, 4559801.196499999613, 0.0 ], [ 415999.272899999982, 4559804.6825, 0.0 ], [ 416000.803399999975, 4559809.898699999787, 0.0 ], [ 416001.8619, 4559816.405399999581, 0.0 ], [ 416003.4834, 4559822.387, 0.0 ], [ 416004.9868, 4559827.358099999838, 0.0 ], [ 416007.5298, 4559834.863, 0.0 ], [ 416007.654663443972822, 4559835.268828203901649, 0.0 ], [ 416009.8013, 4559834.0871, 0.0 ], [ 416012.5761, 4559832.332399999723, 0.0 ], [ 416015.318299999984, 4559830.6626, 0.0 ], [ 416017.8889, 4559829.039099999703, 0.0 ], [ 416019.7762, 4559826.6693, 0.0 ], [ 416021.8043, 4559824.4345, 0.0 ], [ 416023.789899999974, 4559821.707, 0.0 ], [ 416026.0422, 4559818.093399999663, 0.0 ], [ 416028.1721, 4559814.4879, 0.0 ], [ 416029.2266, 4559812.837399999611, 0.0 ] ] ] } },
{ "type": "Feature", "properties": { "ELEVATION": "0" }, "geometry": { "type": "Polygon", "coordinates": [ [ [ 416140.970994771691039, 4559725.058943563140929, 0.0 ], [ 416138.0612, 4559723.2675, 0.0 ], [ 416136.799613548384514, 4559723.061648119240999, 0.0 ], [ 416136.782874102413189, 4559722.99893999286, 0.0 ], [ 416134.452800003811717, 4559721.651700001209974, 0.0 ], [ 416130.3567, 4559720.322499999776, 0.0 ], [ 416126.3619, 4559718.976599999703, 0.0 ], [ 416123.517674133880064, 4559718.092626496218145, 0.0 ], [ 416123.50247102038702, 4559718.071327836252749, 0.0 ], [ 416120.8479, 4559717.6293, 0.0 ], [ 416120.919899999979, 4559717.535199999809, 0.0 ], [ 416121.705399999977, 4559716.7242, 0.0 ], [ 416122.1622, 4559715.4927, 0.0 ], [ 416120.8422, 4559712.60099999979, 0.0 ], [ 416119.9429, 4559710.299899999984, 0.0 ], [ 416118.9412, 4559708.0011, 0.0 ], [ 416118.2383, 4559706.2186, 0.0 ], [ 416117.737399999984, 4559705.790099999867, 0.0 ], [ 416118.2859, 4559704.657499999739, 0.0 ], [ 416116.589592764677946, 4559704.05552043300122, 0.0 ], [ 416116.350151188613381, 4559703.970548246055841, 0.0 ], [ 416115.200499999977, 4559708.5328, 0.0 ], [ 416112.924799999979, 4559718.3057, 0.0 ], [ 416111.496883485175204, 4559723.90150657016784, 0.0 ], [ 416111.66534261230845, 4559723.92581588588655, 0.0 ], [ 416111.522518080484588, 4559724.91556391119957, 0.0 ], [ 416111.262899999972, 4559724.8781, 0.0 ], [ 416109.9634, 4559732.2406, 0.0 ], [ 416109.769156012684107, 4559732.192963106557727, 0.0 ], [ 416108.590642122901045, 4559736.998466301709414, 0.0 ], [ 416107.366847050609067, 4559742.609995223581791, 0.0 ], [ 416107.310109007987194, 4559745.342305514961481, 0.0 ], [ 416107.429432906094007, 4559748.06446389388293, 0.0 ], [ 416108.106433614506386, 4559751.20041009131819, 0.0 ], [ 416109.689778088475578, 4559753.644152571447194, 0.0 ], [ 416116.328898716892581, 4559747.38864063937217, 0.0 ], [ 416121.529307268909179, 4559742.668312867172062, 0.0 ], [ 416125.938692118506879, 4559738.65654468536377, 0.0 ], [ 416130.718821860093158, 4559734.295859607867897, 0.0 ], [ 416134.815112655516714, 4559730.744554284028709, 0.0 ], [ 416138.772332464926876, 4559727.145034558139741, 0.0 ], [ 416140.970994771691039, 4559725.058943563140929, 0.0 ] ] ] } },
{ "type": "Feature", "properties": { "ELEVATION": "0" }, "geometry": { "type": "Polygon", "coordinates": [ [ [ 416167.972499999974, 4559670.521599999629, 0.0 ], [ 416170.564499999979, 4559668.8513, 0.0 ], [ 416172.2089, 4559671.348199999891, 0.0 ], [ 416169.664, 4559673.1024, 0.0 ], [ 416167.972499999974, 4559670.521599999629, 0.0 ] ] ] } },
{ "type": "Feature", "properties": { "ELEVATION": "0" }, "geometry": { "type": "Polygon", "coordinates": [ [ [ 416017.6289, 4559851.0992, 0.0 ], [ 416020.347599999979, 4559849.8683, 0.0 ], [ 416023.1435, 4559856.156299999915, 0.0 ], [ 416020.424799999979, 4559857.387199999765, 0.0 ], [ 416017.6289, 4559851.0992, 0.0 ] ] ] } },
{ "type": "Feature", "properties": { "ELEVATION": "101.438" }, "geometry": { "type": "Polygon", "coordinates": [ [ [ 415458.951914002012927, 4560048.506525685079396, 101.438003540039063 ], [ 415459.48994147987105, 4560050.986186319962144, 101.438003540039063 ], [ 415464.627809267607518, 4560049.935722687281668, 101.438003540039063 ], [ 415464.089781789807603, 4560047.456062050536275, 101.438003540039063 ], [ 415458.951914002012927, 4560048.506525685079396, 101.438003540039063 ] ] ] } },
{ "type": "Feature", "properties": { "ELEVATION": "0" }, "geometry": { "type": "Polygon", "coordinates": [ [ [ 415458.6399, 4560065.0076, 0.0 ], [ 415455.715099999972, 4560064.656, 0.0 ], [ 415455.5342, 4560066.649699999951, 0.0 ], [ 415458.4265, 4560066.94049999956, 0.0 ], [ 415458.6399, 4560065.0076, 0.0 ] ] ] } },
{ "type": "Feature", "properties": { "ELEVATION": "0" }, "geometry": { "type": "Polygon", "coordinates": [ [ [ 415482.151599999983, 4560073.0871, 0.0 ], [ 415487.1494, 4560081.0411, 0.0 ], [ 415481.623299999977, 4560084.432799999602, 0.0 ], [ 415476.7393, 4560076.23099999968, 0.0 ], [ 415482.151599999983, 4560073.0871, 0.0 ] ] ] } },
{ "type": "Feature", "properties": { "ELEVATION": "0" }, "geometry": { "type": "Polygon", "coordinates": [ [ [ 415460.8044, 4560083.4176, 0.0 ], [ 415457.5271, 4560086.6889, 0.0 ], [ 415456.4515, 4560087.6721, 0.0 ], [ 415453.6867, 4560084.824, 0.0 ], [ 415456.237299999979, 4560082.360799999908, 0.0 ], [ 415457.1937, 4560083.338299999945, 0.0 ], [ 415459.0097, 4560081.580099999905, 0.0 ], [ 415460.8044, 4560083.4176, 0.0 ] ] ] } },
{ "type": "Feature", "properties": { "ELEVATION": "0" }, "geometry": { "type": "Polygon", "coordinates": [ [ [ 415406.118599999987, 4560084.542899999768, 0.0 ], [ 415407.484899999981, 4560086.2076, 0.0 ], [ 415409.0827, 4560084.879499999806, 0.0 ], [ 415407.8517, 4560083.1666, 0.0 ], [ 415406.118599999987, 4560084.542899999768, 0.0 ] ] ] } },
{ "type": "Feature", "properties": { "ELEVATION": "0" }, "geometry": { "type": "Polygon", "coordinates": [ [ [ 415483.6033, 4560065.878299999982, 0.0 ], [ 415493.2757, 4560070.18599999975, 0.0 ], [ 415490.599603556271177, 4560076.199541186913848, 0.0 ], [ 415480.959318047680426, 4560071.912502196617424, 0.0 ], [ 415483.6033, 4560065.878299999982, 0.0 ] ] ] } },
{ "type": "Feature", "properties": { "ELEVATION": "0" }, "geometry": { "type": "Polygon", "coordinates": [ [ [ 415689.6733, 4559921.966599999927, 0.0 ], [ 415688.7344, 4559917.56, 0.0 ], [ 415674.031599999988, 4559920.495499999262, 0.0 ], [ 415674.9705, 4559924.902099999599, 0.0 ], [ 415689.6733, 4559921.966599999927, 0.0 ] ] ] } },
{ "type": "Feature", "properties": { "ELEVATION": "0" }, "geometry": { "type": "Polygon", "coordinates": [ [ [ 415663.4062, 4559937.1738, 0.0 ], [ 415660.9136, 4559937.917899999768, 0.0 ], [ 415658.7525, 4559930.8808, 0.0 ], [ 415672.5408, 4559921.279099999927, 0.0 ], [ 415673.9877, 4559931.0903, 0.0 ], [ 415668.3285, 4559932.789499999955, 0.0 ], [ 415668.957799999975, 4559934.9537, 0.0 ], [ 415663.2432, 4559936.865799999796, 0.0 ], [ 415663.4062, 4559937.1738, 0.0 ] ] ] } },
{ "type": "Feature", "properties": { "ELEVATION": "59.408" }, "geometry": { "type": "Polygon", "coordinates": [ [ [ 415662.5954, 4559946.1846, 59.408000946044922 ], [ 415666.099020283785649, 4559947.76696094032377, 59.408000946044922 ], [ 415667.7956, 4559944.200799999759, 59.408000946044922 ], [ 415664.2415, 4559942.569, 59.408000946044922 ], [ 415662.5954, 4559946.1846, 59.408000946044922 ] ] ] } },
{ "type": "Feature", "properties": { "ELEVATION": "0" }, "geometry": { "type": "Polygon", "coordinates": [ [ [ 416123.4265, 4559687.158699999563, 0.0 ], [ 416120.6121, 4559687.6664, 0.0 ], [ 416120.1425, 4559690.3343, 0.0 ], [ 416121.376899999974, 4559691.9918, 0.0 ], [ 416120.608599999978, 4559692.256099999882, 0.0 ], [ 416119.6325, 4559696.7202, 0.0 ], [ 416119.8902, 4559697.1605, 0.0 ], [ 416118.4792, 4559698.031899999827, 0.0 ], [ 416117.944399999978, 4559700.7927, 0.0 ], [ 416119.796199999982, 4559702.4242, 0.0 ], [ 416121.8388, 4559701.9565, 0.0 ], [ 416135.4295, 4559705.2515, 0.0 ], [ 416139.1095, 4559702.8678, 0.0 ], [ 416140.7702, 4559696.9918, 0.0 ], [ 416138.623499999987, 4559693.0722, 0.0 ], [ 416132.283, 4559691.521099999547, 0.0 ], [ 416130.0478, 4559690.2039, 0.0 ], [ 416128.1949, 4559689.435399999842, 0.0 ], [ 416128.2492, 4559688.9027, 0.0 ], [ 416125.7357, 4559688.0563, 0.0 ], [ 416125.5734, 4559688.758, 0.0 ], [ 416124.8172, 4559688.6123, 0.0 ], [ 416123.4265, 4559687.158699999563, 0.0 ] ] ] } },
{ "type": "Feature", "properties": { "ELEVATION": "0" }, "geometry": { "type": "Polygon", "coordinates": [ [ [ 416135.2378, 4559685.849, 0.0 ], [ 416128.4207, 4559684.54, 0.0 ], [ 416129.594579883792903, 4559678.426587815396488, 0.0 ], [ 416132.475915613409597, 4559678.993743613362312, 0.0 ], [ 416133.471941657888237, 4559673.803674196824431, 0.0 ], [ 416137.454471867880784, 4559674.587586699053645, 0.0 ], [ 416135.2378, 4559685.849, 0.0 ] ] ] } },
{ "type": "Feature", "properties": { "ELEVATION": "0" }, "geometry": { "type": "Polygon", "coordinates": [ [ [ 416110.2797, 4559650.6753, 0.0 ], [ 416113.636, 4559654.307699999772, 0.0 ], [ 416116.5261, 4559651.558799999766, 0.0 ], [ 416113.207, 4559647.8004, 0.0 ], [ 416110.2797, 4559650.6753, 0.0 ] ] ] } },
{ "type": "Feature", "properties": { "ELEVATION": "0" }, "geometry": { "type": "Polygon", "coordinates": [ [ [ 416129.252992434019689, 4559709.044745929539204, 0.0 ], [ 416128.104645906423684, 4559713.831128264777362, 0.0 ], [ 416124.319204697094392, 4559712.951989402994514, 0.0 ], [ 416125.449, 4559708.113, 0.0 ], [ 416129.252992434019689, 4559709.044745929539204, 0.0 ] ] ] } },
{ "type": "Feature", "properties": { "ELEVATION": "0" }, "geometry": { "type": "Polygon", "coordinates": [ [ [ 416115.0311, 4559729.596599999815, 0.0 ], [ 416114.839099999983, 4559729.977599999867, 0.0 ], [ 416113.628199999977, 4559729.34499999974, 0.0 ], [ 416116.4221, 4559724.0602, 0.0 ], [ 416117.59, 4559724.677699999884, 0.0 ], [ 416117.336399999971, 4559725.174899999984, 0.0 ], [ 416120.0175, 4559726.518099999987, 0.0 ], [ 416117.7147, 4559731.0064, 0.0 ], [ 416115.0311, 4559729.596599999815, 0.0 ] ] ] } },
{ "type": "Feature", "properties": { "ELEVATION": "0" }, "geometry": { "type": "Polygon", "coordinates": [ [ [ 415934.051, 4559859.8048, 0.0 ], [ 415923.1433, 4559866.7426, 0.0 ], [ 415926.2304, 4559871.859799999744, 0.0 ], [ 415937.2798, 4559865.0515, 0.0 ], [ 415934.051, 4559859.8048, 0.0 ] ] ] } },
{ "type": "Feature", "properties": { "ELEVATION": "0" }, "geometry": { "type": "Polygon", "coordinates": [ [ [ 415897.638, 4559953.8452, 0.0 ], [ 415899.4485, 4559959.612399999984, 0.0 ], [ 415908.2726, 4559956.8106, 0.0 ], [ 415906.4085, 4559951.05399999954, 0.0 ], [ 415897.638, 4559953.8452, 0.0 ] ] ] } },
{ "type": "Feature", "properties": { "ELEVATION": "45.111" }, "geometry": { "type": "Polygon", "coordinates": [ [ [ 416066.3212, 4559716.03199999966, 45.111000061035156 ], [ 416072.518, 4559719.6096, 45.111000061035156 ], [ 416071.1093, 4559722.136, 45.111000061035156 ], [ 416064.934599999979, 4559718.6604, 45.111000061035156 ], [ 416066.3212, 4559716.03199999966, 45.111000061035156 ] ] ] } },
{ "type": "Feature", "properties": { "ELEVATION": "45.163" }, "geometry": { "type": "Polygon", "coordinates": [ [ [ 416067.0183, 4559714.8255, 45.162998199462891 ], [ 416073.174799999979, 4559718.113599999808, 45.162998199462891 ], [ 416074.626, 4559715.555599999614, 45.162998199462891 ], [ 416068.4695, 4559712.2675, 45.162998199462891 ], [ 416067.0183, 4559714.8255, 45.162998199462891 ] ] ] } },
{ "type": "Feature", "properties": { "ELEVATION": "45.711" }, "geometry": { "type": "Polygon", "coordinates": [ [ [ 416073.432299999986, 4559718.5339, 45.71099853515625 ], [ 416079.689599999983, 4559721.4532, 45.71099853515625 ], [ 416081.0444, 4559718.6886, 45.71099853515625 ], [ 416074.878299999982, 4559715.6649, 45.71099853515625 ], [ 416073.432299999986, 4559718.5339, 45.71099853515625 ] ] ] } },
{ "type": "Feature", "properties": { "ELEVATION": "45.165" }, "geometry": { "type": "Polygon", "coordinates": [ [ [ 416077.5089, 4559721.0795, 45.165000915527344 ], [ 416080.1315, 4559722.588899999857, 45.165000915527344 ], [ 416076.7033, 4559728.62399999984, 45.165000915527344 ], [ 416074.055, 4559727.0739, 45.165000915527344 ], [ 416077.5089, 4559721.0795, 45.165000915527344 ] ] ] } },
{ "type": "Feature", "properties": { "ELEVATION": "46.108" }, "geometry": { "type": "Polygon", "coordinates": [ [ [ 416093.465399999986, 4559734.289499999955, 46.108001708984375 ], [ 416096.666299999983, 4559736.0866, 46.108001708984375 ], [ 416093.807773466513027, 4559742.333064652048051, 46.108001708984375 ], [ 416090.606873466516845, 4559740.535964651964605, 46.108001708984375 ], [ 416093.465399999986, 4559734.289499999955, 46.108001708984375 ] ] ] } },
{ "type": "Feature", "properties": { "ELEVATION": "42.658" }, "geometry": { "type": "Polygon", "coordinates": [ [ [ 416090.97400124988053, 4559725.699490984901786, 42.658000946044922 ], [ 416096.486301249999087, 4559729.896990985609591, 42.658000946044922 ], [ 416094.6671, 4559732.0831, 42.658000946044922 ], [ 416089.1548, 4559727.885599999689, 42.658000946044922 ], [ 416090.97400124988053, 4559725.699490984901786, 42.658000946044922 ] ] ] } },
{ "type": "Feature", "properties": { "ELEVATION": "42.525" }, "geometry": { "type": "Polygon", "coordinates": [ [ [ 416087.449220009206329, 4559736.148917243815958, 42.525001525878906 ], [ 416092.060320009186398, 4559731.309717243537307, 42.525001525878906 ], [ 416090.2992, 4559729.742899999954, 42.525001525878906 ], [ 416085.6881, 4559734.5821, 42.525001525878906 ], [ 416087.449220009206329, 4559736.148917243815958, 42.525001525878906 ] ] ] } },
{ "type": "Feature", "properties": { "ELEVATION": "-52232.457" }, "geometry": { "type": "Polygon", "coordinates": [ [ [ 416097.848549251270015, 4559718.016822800040245, -52232.45703125 ], [ 416097.600120778486598, 4559715.336095475591719, -52232.45703125 ], [ 416099.31915811781073, 4559713.265671813860536, -52232.45703125 ], [ 416101.998672508227173, 4559713.018377918750048, -52232.45703125 ], [ 416104.069040762784425, 4559714.739075195975602, -52232.45703125 ], [ 416104.317469235335011, 4559717.419802519492805, -52232.45703125 ], [ 416102.598431896709371, 4559719.490226180292666, -52232.45703125 ], [ 416099.918917504430283, 4559719.737520076334476, -52232.45703125 ], [ 416097.848549251270015, 4559718.016822800040245, -52232.45703125 ] ] ] } },
{ "type": "Feature", "properties": { "ELEVATION": "41.319" }, "geometry": { "type": "Polygon", "coordinates": [ [ [ 416100.406469284498598, 4559724.977258147671819, 41.319000244140625 ], [ 416098.678554154816084, 4559726.084257588721812, 41.319000244140625 ], [ 416101.36954586498905, 4559730.284625826403499, 41.319000244140625 ], [ 416103.058299999975, 4559729.116499999538, 41.319000244140625 ], [ 416100.406469284498598, 4559724.977258147671819, 41.319000244140625 ] ] ] } },
{ "type": "Feature", "properties": { "ELEVATION": "40.934" }, "geometry": { "type": "Polygon", "coordinates": [ [ [ 416098.099322076712269, 4559725.180134393274784, 40.933998107910156 ], [ 416096.089873874385376, 4559726.467499726451933, 40.933998107910156 ], [ 416099.388099999982, 4559731.615699999966, 40.933998107910156 ], [ 416101.369545864872634, 4559730.284625826403499, 40.933998107910156 ], [ 416098.099322076712269, 4559725.180134393274784, 40.933998107910156 ] ] ] } },
{ "type": "Feature", "properties": { "ELEVATION": "41.521" }, "geometry": { "type": "Polygon", "coordinates": [ [ [ 416108.4001, 4559706.4072, 41.520999908447266 ], [ 416111.73065494641196, 4559707.212519343942404, 41.520999908447266 ], [ 416111.969683815608732, 4559706.223968915641308, 41.520999908447266 ], [ 416113.781372395111248, 4559706.662030404433608, 41.520999908447266 ], [ 416114.67500837019179, 4559702.966224832460284, 41.520999908447266 ], [ 416112.86331133969361, 4559702.528198295272887, 41.520999908447266 ], [ 416113.116854946420062, 4559701.47961934376508, 41.520999908447266 ], [ 416109.786299999978, 4559700.6743, 41.520999908447266 ], [ 416108.4001, 4559706.4072, 41.520999908447266 ] ] ] } },
{ "type": "Feature", "properties": { "ELEVATION": "0" }, "geometry": { "type": "Polygon", "coordinates": [ [ [ 416066.051720925373957, 4559809.653598420321941, 0.0 ], [ 416070.004118177923374, 4559814.403813784010708, 0.0 ], [ 416074.513688448874746, 4559810.736511755734682, 0.0 ], [ 416070.597090375726111, 4559805.857220646925271, 0.0 ], [ 416066.051720925373957, 4559809.653598420321941, 0.0 ] ] ] } },
{ "type": "Feature", "properties": { "ELEVATION": "0" }, "geometry": { "type": "Polygon", "coordinates": [ [ [ 416065.3944, 4559799.350499999709, 0.0 ], [ 416067.5372, 4559797.6731, 0.0 ], [ 416069.29146267590113, 4559799.948672006838024, 0.0 ], [ 416067.1559, 4559801.59499999974, 0.0 ], [ 416065.3944, 4559799.350499999709, 0.0 ] ] ] } },
{ "type": "Feature", "properties": { "ELEVATION": "0" }, "geometry": { "type": "Polygon", "coordinates": [ [ [ 416066.898338609724306, 4559867.551383305341005, 0.0 ], [ 416067.002993102185428, 4559869.872593102045357, 0.0 ], [ 416066.549104660982266, 4559872.151398220099509, 0.0 ], [ 416065.563051632372662, 4559874.25536278821528, 0.0 ], [ 416064.102139834314585, 4559876.062212035991251, 0.0 ], [ 416062.251272150082514, 4559877.466938449069858, 0.0 ], [ 416060.118014282197692, 4559878.38790443725884, 0.0 ], [ 416057.826343423628714, 4559878.771586803719401, 0.0 ], [ 416055.50944315479137, 4559878.595687323249876, 0.0 ], [ 416053.301963297824841, 4559877.870428636670113, 0.0 ], [ 416051.332194558111951, 4559876.63796014059335, 0.0 ], [ 416049.714612734911498, 4559874.969908424653113, 0.0 ], [ 416048.543225804227404, 4559872.963214590214193, 0.0 ], [ 416047.886110516614281, 4559870.734500391408801, 0.0 ], [ 416047.78145602409495, 4559868.413290594704449, 0.0 ], [ 416048.235344465414528, 4559866.134485476650298, 0.0 ], [ 416049.221397493907716, 4559864.030520908534527, 0.0 ], [ 416050.682309292082209, 4559862.223671660758555, 0.0 ], [ 416052.533176976197865, 4559860.818945247679949, 0.0 ], [ 416054.666434844082687, 4559859.897979258559644, 0.0 ], [ 416056.958105702826288, 4559859.514296893030405, 0.0 ], [ 416059.275005971489009, 4559859.690196372568607, 0.0 ], [ 416061.482485828513745, 4559860.415455060079694, 0.0 ], [ 416063.452254568284843, 4559861.647923556156456, 0.0 ], [ 416065.069836391427089, 4559863.315975272096694, 0.0 ], [ 416066.241223322111182, 4559865.322669106535614, 0.0 ], [ 416066.898338609724306, 4559867.551383305341005, 0.0 ] ] ] } },
{ "type": "Feature", "properties": { "ELEVATION": "0" }, "geometry": { "type": "Polygon", "coordinates": [ [ [ 416077.666542945022229, 4559860.227591574192047, 0.0 ], [ 416079.043536646291614, 4559860.373806538060308, 0.0 ], [ 416080.242012003611308, 4559861.067454350180924, 0.0 ], [ 416081.054741739702877, 4559862.188597002997994, 0.0 ], [ 416081.341197499888949, 4559863.543378742411733, 0.0 ], [ 416081.051848480885383, 4559864.89754550345242, 0.0 ], [ 416080.236725756723899, 4559866.016949548386037, 0.0 ], [ 416079.036771451414097, 4559866.708035746589303, 0.0 ], [ 416077.659468565776478, 4559866.851309018209577, 0.0 ], [ 416076.342965280986391, 4559866.421996113844216, 0.0 ], [ 416075.314896975178272, 4559865.494329133071005, 0.0 ], [ 416074.753025998128578, 4559864.228710124269128, 0.0 ], [ 416074.754504946002271, 4559862.843976112082601, 0.0 ], [ 416075.319078095606528, 4559861.579560188576579, 0.0 ], [ 416076.349125620094128, 4559860.654091352596879, 0.0 ], [ 416077.666542945022229, 4559860.227591574192047, 0.0 ] ] ] } },
{ "type": "Feature", "properties": { "ELEVATION": "-12.201" }, "geometry": { "type": "Polygon", "coordinates": [ [ [ 416267.258999560610391, 4559630.062056276015937, -12.201000213623047 ], [ 416268.108170930529013, 4559632.880358398891985, -12.201000213623047 ], [ 416270.261348167376127, 4559632.231593010015786, -12.201000213623047 ], [ 416273.079090712300967, 4559641.583356478251517, -12.201000213623047 ], [ 416271.98202145320829, 4559641.91013836953789, -12.201000213623047 ], [ 416274.402670160576236, 4559649.943993057124317, -12.201000213623047 ], [ 416259.227100648218766, 4559654.516483369283378, -12.201000213623047 ], [ 416258.122115726873744, 4559650.849165488034487, -12.201000213623047 ], [ 416263.117106540827081, 4559649.352157289162278, -12.201000213623047 ], [ 416258.133357425918803, 4559632.811667104251683, -12.201000213623047 ], [ 416267.258999560610391, 4559630.062056276015937, -12.201000213623047 ] ] ] } },
{ "type": "Feature", "properties": { "ELEVATION": "0" }, "geometry": { "type": "Polygon", "coordinates": [ [ [ 416265.437000228324905, 4559615.549529064446688, 0.0 ], [ 416268.153736857988406, 4559614.682709120213985, 0.0 ], [ 416265.931773260410409, 4559607.71876011043787, 0.0 ], [ 416263.215036630921531, 4559608.585580054670572, 0.0 ], [ 416265.437000228324905, 4559615.549529064446688, 0.0 ] ] ] } },
{ "type": "Feature", "properties": { "ELEVATION": "0" }, "geometry": { "type": "Polygon", "coordinates": [ [ [ 416260.498299999977, 4559609.452399999835, 0.0 ], [ 416263.215036630921531, 4559608.585580054670572, 0.0 ], [ 416265.437000227509998, 4559615.549529064446688, 0.0 ], [ 416262.720263598428573, 4559616.416349009610713, 0.0 ], [ 416260.498299999977, 4559609.452399999835, 0.0 ] ] ] } },
{ "type": "Feature", "properties": { "ELEVATION": "0" }, "geometry": { "type": "Polygon", "coordinates": [ [ [ 416268.153736857988406, 4559614.682709120213985, 0.0 ], [ 416270.255685114301741, 4559614.012047617696226, 0.0 ], [ 416270.603411667922046, 4559615.1018719477579, 0.0 ], [ 416273.990594469418284, 4559614.021135016344488, 0.0 ], [ 416275.323905613913666, 4559618.199921218678355, 0.0 ], [ 416267.523584264912643, 4559620.688743302598596, 0.0 ], [ 416266.493072578276042, 4559617.458973540924489, 0.0 ], [ 416263.471558760676999, 4559618.423037709668279, 0.0 ], [ 416262.82103274849942, 4559616.384196938946843, 0.0 ], [ 416268.153736857988406, 4559614.682709120213985, 0.0 ] ] ] } },
{ "type": "Feature", "properties": { "ELEVATION": "0" }, "geometry": { "type": "Polygon", "coordinates": [ [ [ 416203.6436, 4559678.6249, 0.0 ], [ 416205.761140130285639, 4559683.374218245968223, 0.0 ], [ 416212.595331144111697, 4559680.327112750150263, 0.0 ], [ 416211.626889102219138, 4559678.155045551247895, 0.0 ], [ 416210.4074, 4559678.6584, 0.0 ], [ 416209.2561, 4559676.12249999959, 0.0 ], [ 416203.6436, 4559678.6249, 0.0 ] ] ] } },
{ "type": "Feature", "properties": { "ELEVATION": "0" }, "geometry": { "type": "Polygon", "coordinates": [ [ [ 415897.1979, 4559891.722, 0.0 ], [ 415898.8103, 4559894.2092, 0.0 ], [ 415904.6696, 4559890.343, 0.0 ], [ 415903.057199999981, 4559887.8558, 0.0 ], [ 415897.1979, 4559891.722, 0.0 ] ] ] } },
{ "type": "Feature", "properties": { "ELEVATION": "48.939" }, "geometry": { "type": "Polygon", "coordinates": [ [ [ 415970.488699999987, 4559735.8699, 48.938999176025391 ], [ 415972.7418, 4559737.3602, 48.938999176025391 ], [ 415973.9404, 4559735.612499999814, 48.938999176025391 ], [ 415975.9551, 4559737.0244, 48.938999176025391 ], [ 415968.6212, 4559747.693, 48.938999176025391 ], [ 415970.9792, 4559749.3209, 48.938999176025391 ], [ 415991.379599999986, 4559763.439199999906, 48.938999176025391 ], [ 415993.0942, 4559764.660199999809, 48.938999176025391 ], [ 415993.7572, 4559765.0969, 48.938999176025391 ], [ 416001.1777, 4559754.583899999969, 48.938999176025391 ], [ 416003.074394564202521, 4559755.922663627192378, 48.938999176025391 ], [ 416001.907499999972, 4559757.61, 48.938999176025391 ], [ 416004.088370820973068, 4559759.146641542203724, 48.938999176025391 ], [ 416006.531845732126385, 4559755.646927154622972, 48.938999176025391 ], [ 415972.916299999983, 4559732.3909, 48.938999176025391 ], [ 415970.488699999987, 4559735.8699, 48.938999176025391 ] ] ] } },
{ "type": "Feature", "properties": { "ELEVATION": "44.451" }, "geometry": { "type": "Polygon", "coordinates": [ [ [ 416077.309699999983, 4559702.2136, 44.451000213623047 ], [ 416079.340199999977, 4559703.467699999921, 44.451000213623047 ], [ 416083.1032, 4559697.571899999864, 44.451000213623047 ], [ 416081.0673, 4559696.282399999909, 44.451000213623047 ], [ 416077.309699999983, 4559702.2136, 44.451000213623047 ] ] ] } },
{ "type": "Feature", "properties": { "ELEVATION": "0" }, "geometry": { "type": "Polygon", "coordinates": [ [ [ 415977.264099999971, 4559860.8737, 0.0 ], [ 415978.8995, 4559863.165199999698, 0.0 ], [ 415981.2673, 4559861.4274, 0.0 ], [ 415979.546, 4559859.1025, 0.0 ], [ 415977.264099999971, 4559860.8737, 0.0 ] ] ] } },
{ "type": "Feature", "properties": { "ELEVATION": "0" }, "geometry": { "type": "Polygon", "coordinates": [ [ [ 416199.135075581085403, 4559693.956788638606668, 0.0 ], [ 416202.720619520521723, 4559693.41677434835583, 0.0 ], [ 416205.973335804883391, 4559688.103204904124141, 0.0 ], [ 416198.42237459711032, 4559689.224653327837586, 0.0 ], [ 416199.135075581085403, 4559693.956788638606668, 0.0 ] ] ] } },
{ "type": "Feature", "properties": { "ELEVATION": "36.512" }, "geometry": { "type": "Polygon", "coordinates": [ [ [ 416195.7722, 4559669.627199999988, 36.512001037597656 ], [ 416197.870339162473101, 4559671.118549431674182, 36.512001037597656 ], [ 416200.064039162476547, 4559668.232049431651831, 36.512001037597656 ], [ 416197.9659, 4559666.740699999966, 36.512001037597656 ], [ 416195.7722, 4559669.627199999988, 36.512001037597656 ] ] ] } },
{ "type": "Feature", "properties": { "ELEVATION": "39.765" }, "geometry": { "type": "Polygon", "coordinates": [ [ [ 416123.157799999986, 4559679.698699999601, 39.764999389648438 ], [ 416126.851091051474214, 4559680.394893703050911, 39.764999389648438 ], [ 416127.8933, 4559674.866, 39.764999389648438 ], [ 416124.20000894961413, 4559674.169806296937168, 39.764999389648438 ], [ 416123.157799999986, 4559679.698699999601, 39.764999389648438 ] ] ] } },
{ "type": "Feature", "properties": { "ELEVATION": "99.784" }, "geometry": { "type": "Polygon", "coordinates": [ [ [ 415475.291, 4560038.405799999833, 99.78399658203125 ], [ 415476.295933856978081, 4560040.611524795182049, 99.78399658203125 ], [ 415487.327, 4560035.538499999791, 99.78399658203125 ], [ 415486.230029548227321, 4560033.375076190568507, 99.78399658203125 ], [ 415475.291, 4560038.405799999833, 99.78399658203125 ] ] ] } },
{ "type": "Feature", "properties": { "ELEVATION": "36.311" }, "geometry": { "type": "Polygon", "coordinates": [ [ [ 416230.700313477427699, 4559663.08349322155118, 36.311000823974609 ], [ 416232.632236643694341, 4559664.602730499580503, 36.311000823974609 ], [ 416234.913672912574839, 4559663.689383571967483, 36.311000823974609 ], [ 416235.263186016411055, 4559661.256799367256463, 36.311000823974609 ], [ 416233.33126285020262, 4559659.737562094815075, 36.311000823974609 ], [ 416231.04982658062363, 4559660.65090902056545, 36.311000823974609 ], [ 416230.700313477427699, 4559663.08349322155118, 36.311000823974609 ] ] ] } },
{ "type": "Feature", "properties": { "ELEVATION": "36.458" }, "geometry": { "type": "Polygon", "coordinates": [ [ [ 416174.059727730287705, 4559669.196918301284313, 36.458000183105469 ], [ 416176.624389817472547, 4559670.003864346072078, 36.458000183105469 ], [ 416179.009841993683949, 4559668.758640085346997, 36.458000183105469 ], [ 416179.818718726397492, 4559666.190681003965437, 36.458000183105469 ], [ 416178.577190995973069, 4559663.804262703284621, 36.458000183105469 ], [ 416176.012528908788227, 4559662.997316657565534, 36.458000183105469 ], [ 416173.627076732576825, 4559664.242540919221938, 36.458000183105469 ], [ 416172.818199999921, 4559666.8105, 36.458000183105469 ], [ 416174.059727730287705, 4559669.196918301284313, 36.458000183105469 ] ] ] } },
{ "type": "Feature", "properties": { "ELEVATION": "3046.902" }, "geometry": { "type": "Polygon", "coordinates": [ [ [ 416178.066966795537155, 4559677.777046370320022, 3046.902099609375 ], [ 416179.512255733367056, 4559680.044084173627198, 3046.902099609375 ], [ 416182.139576733810827, 4559680.62416707444936, 3046.902099609375 ], [ 416184.409880787541624, 4559679.177490384317935, 3046.902099609375 ], [ 416184.993254570988938, 4559676.551497680135071, 3046.902099609375 ], [ 416183.547965632693376, 4559674.284459877759218, 3046.902099609375 ], [ 416180.920644632191397, 4559673.704376974143088, 3046.902099609375 ], [ 416178.650340577936731, 4559675.151053664274514, 3046.902099609375 ], [ 416178.066966795537155, 4559677.777046370320022, 3046.902099609375 ] ] ] } },
{ "type": "Feature", "properties": { "ELEVATION": "74603.773" }, "geometry": { "type": "Polygon", "coordinates": [ [ [ 416169.958457304572221, 4559688.781364138238132, 74603.7734375 ], [ 416169.615205769368913, 4559691.445055396296084, 74603.7734375 ], [ 416171.242638028634246, 4559693.581906218081713, 74603.7734375 ], [ 416173.887426334025804, 4559693.94017837382853, 74603.7734375 ], [ 416176.000289570249151, 4559692.310000892728567, 74603.7734375 ], [ 416176.343541104521137, 4559689.646309633739293, 74603.7734375 ], [ 416174.716108846419957, 4559687.509458811953664, 74603.7734375 ], [ 416172.071320539980661, 4559687.151186653412879, 74603.7734375 ], [ 416169.958457304572221, 4559688.781364138238132, 74603.7734375 ] ] ] } },
{ "type": "Feature", "properties": { "ELEVATION": "10809.326" }, "geometry": { "type": "Polygon", "coordinates": [ [ [ 416150.449289250711445, 4559668.524867100641131, 10809.326171875 ], [ 416151.430598720209673, 4559671.02800037432462, 10809.326171875 ], [ 416153.897001228819136, 4559672.10371973272413, 10809.326171875 ], [ 416156.403711636841763, 4559671.12188337277621, 10809.326171875 ], [ 416157.482332986488473, 4559668.65763770416379, 10809.326171875 ], [ 416156.501023516699206, 4559666.154504430480301, 10809.326171875 ], [ 416154.034621008089744, 4559665.078785068355501, 10809.326171875 ], [ 416151.52791059948504, 4559666.060621431097388, 10809.326171875 ], [ 416150.449289250711445, 4559668.524867100641131, 10809.326171875 ] ] ] } },
{ "type": "Feature", "properties": { "ELEVATION": "233174.188" }, "geometry": { "type": "Polygon", "coordinates": [ [ [ 416143.549811274104286, 4559714.627039003185928, 233174.1875 ], [ 416143.038829925877508, 4559717.263176419772208, 233174.1875 ], [ 416144.546469862398226, 4559719.489197315648198, 233174.1875 ], [ 416147.189576052885968, 4559720.001128850504756, 233174.1875 ], [ 416149.419852743216325, 4559718.499088468030095, 233174.1875 ], [ 416149.93083409126848, 4559715.86295105330646, 233174.1875 ], [ 416148.423194155679084, 4559713.636930154636502, 233174.1875 ], [ 416145.780087963910773, 4559713.12499862164259, 233174.1875 ], [ 416143.549811274104286, 4559714.627039003185928, 233174.1875 ] ] ] } },
{ "type": "Feature", "properties": { "ELEVATION": "-168204.563" }, "geometry": { "type": "Polygon", "coordinates": [ [ [ 416131.851408983988222, 4559722.345760382711887, -168204.5625 ], [ 416130.506432921451051, 4559724.672418564558029, -168204.5625 ], [ 416131.203513968212064, 4559727.269627398811281, -168204.5625 ], [ 416133.534311498166062, 4559728.615977175533772, -168204.5625 ], [ 416136.133475934970193, 4559727.922794453799725, -168204.5625 ], [ 416137.478451997449156, 4559725.596136276610196, -168204.5625 ], [ 416136.781370951794088, 4559722.998927443288267, -168204.5625 ], [ 416134.450573420384899, 4559721.652577663771808, -168204.5625 ], [ 416131.851408983988222, 4559722.345760382711887, -168204.5625 ] ] ] } },
{ "type": "Feature", "properties": { "ELEVATION": "183078.891" }, "geometry": { "type": "Polygon", "coordinates": [ [ [ 416118.641842975805048, 4559719.199622646905482, 183078.890625 ], [ 416118.205616949882824, 4559721.849299078807235, 183078.890625 ], [ 416119.774190264113713, 4559724.035458550788462, 183078.890625 ], [ 416122.42871393711539, 4559724.477478499524295, 183078.890625 ], [ 416124.61420400935458, 4559722.916429630480707, 183078.890625 ], [ 416125.05043003364699, 4559720.266753195784986, 183078.890625 ], [ 416123.48185672267573, 4559718.080593723803759, 183078.890625 ], [ 416120.827333048277069, 4559717.638573774136603, 183078.890625 ], [ 416118.641842975805048, 4559719.199622646905482, 183078.890625 ] ] ] } },
{ "type": "Feature", "properties": { "ELEVATION": "0" }, "geometry": { "type": "Polygon", "coordinates": [ [ [ 415626.905305832915474, 4559951.134609158150852, 0.0 ], [ 415626.7149, 4559951.069799999706, 0.0 ], [ 415625.9236, 4559951.739799999632, 0.0 ], [ 415625.256, 4559952.3607, 0.0 ], [ 415624.7253, 4559953.2898, 0.0 ], [ 415624.877, 4559953.9923, 0.0 ], [ 415625.9658, 4559954.451799999923, 0.0 ], [ 415626.111666840210091, 4559954.485690947622061, 0.0 ], [ 415626.905305832915474, 4559951.134609158150852, 0.0 ] ] ] } },
{ "type": "Feature", "properties": { "ELEVATION": "0" }, "geometry": { "type": "Polygon", "coordinates": [ [ [ 415628.062960562412627, 4559954.939057822339237, 0.0 ], [ 415628.8667, 4559955.125799999572, 0.0 ], [ 415629.1792, 4559956.889399999753, 0.0 ], [ 415629.709199999983, 4559957.502, 0.0 ], [ 415630.553699999989, 4559957.515499999747, 0.0 ], [ 415631.5343, 4559957.18099999987, 0.0 ], [ 415632.699399999983, 4559956.7554, 0.0 ], [ 415634.166099999973, 4559956.4286, 0.0 ], [ 415635.5467, 4559955.7662, 0.0 ], [ 415636.630599999975, 4559955.653699999675, 0.0 ], [ 415638.2567, 4559955.756, 0.0 ], [ 415638.2159, 4559953.460599999875, 0.0 ], [ 415635.496484529809095, 4559953.696391483768821, 0.0 ], [ 415633.7639, 4559953.4353, 0.0 ], [ 415632.5337, 4559953.0141, 0.0 ], [ 415630.241, 4559952.318599999882, 0.0 ], [ 415629.2242, 4559951.92389999982, 0.0 ], [ 415628.779126477427781, 4559951.772408629767597, 0.0 ], [ 415628.062960562412627, 4559954.939057822339237, 0.0 ] ] ] } },
{ "type": "Feature", "properties": { "ELEVATION": "0" }, "geometry": { "type": "Polygon", "coordinates": [ [ [ 416232.734795896278229, 4559659.111700681038201, 0.0 ], [ 416233.003299999982, 4559658.963499999605, 0.0 ], [ 416233.515599999984, 4559658.773199999705, 0.0 ], [ 416234.99, 4559659.8404, 0.0 ], [ 416236.213899999973, 4559659.485399999656, 0.0 ], [ 416238.051099999982, 4559658.452399999835, 0.0 ], [ 416238.789899999974, 4559658.3929, 0.0 ], [ 416239.336599999981, 4559659.297399999574, 0.0 ], [ 416240.1853, 4559661.063699999824, 0.0 ], [ 416245.0198, 4559658.9346, 0.0 ], [ 416244.3924, 4559657.3612, 0.0 ], [ 416240.271498496993445, 4559658.939365570433438, 0.0 ], [ 416239.8975, 4559657.416, 0.0 ], [ 416239.1618, 4559655.324099999852, 0.0 ], [ 416238.1251, 4559655.2438, 0.0 ], [ 416235.8763, 4559656.028199999593, 0.0 ], [ 416234.5655, 4559656.7163, 0.0 ], [ 416233.4055, 4559656.8574, 0.0 ], [ 416232.026599999983, 4559657.159799999557, 0.0 ], [ 416231.947820982080884, 4559657.191867336630821, 0.0 ], [ 416232.734795896278229, 4559659.111700681038201, 0.0 ] ] ] } },
{ "type": "Feature", "properties": { "ELEVATION": "0" }, "geometry": { "type": "Polygon", "coordinates": [ [ [ 416230.230199711280875, 4559657.891032444313169, 0.0 ], [ 416230.0023, 4559657.98379999958, 0.0 ], [ 416229.3225, 4559658.430399999954, 0.0 ], [ 416228.3627, 4559659.1223, 0.0 ], [ 416227.9048, 4559659.592899999581, 0.0 ], [ 416227.5271, 4559659.8161, 0.0 ], [ 416227.1609, 4559659.9435, 0.0 ], [ 416226.325599999982, 4559660.5129, 0.0 ], [ 416225.8018, 4559660.7322, 0.0 ], [ 416223.7455, 4559661.47, 0.0 ], [ 416222.18, 4559662.3388, 0.0 ], [ 416220.7905, 4559663.0367, 0.0 ], [ 416218.126, 4559663.6604, 0.0 ], [ 416216.0775, 4559664.9324, 0.0 ], [ 416214.4232, 4559665.81, 0.0 ], [ 416214.332033899787348, 4559665.809370970353484, 0.0 ], [ 416214.017899999977, 4559668.308199999854, 0.0 ], [ 416219.998, 4559669.829099999741, 0.0 ], [ 416219.8226, 4559667.3375, 0.0 ], [ 416221.1188, 4559665.464399999939, 0.0 ], [ 416222.4129, 4559664.786399999633, 0.0 ], [ 416224.7111, 4559663.4016, 0.0 ], [ 416226.759499999986, 4559662.7816, 0.0 ], [ 416229.2604, 4559661.5811, 0.0 ], [ 416230.305799999973, 4559660.007399999537, 0.0 ], [ 416231.0899, 4559660.0196, 0.0 ], [ 416230.230199711280875, 4559657.891032444313169, 0.0 ] ] ] } },
{ "type": "Feature", "properties": { "ELEVATION": "0" }, "geometry": { "type": "Polygon", "coordinates": [ [ [ 416201.618119720427785, 4559664.747703848406672, 0.0 ], [ 416201.4802, 4559664.54, 0.0 ], [ 416200.8923, 4559663.1983, 0.0 ], [ 416199.861199999985, 4559661.549599999562, 0.0 ], [ 416198.959099999978, 4559660.7647, 0.0 ], [ 416198.0541, 4559660.1675, 0.0 ], [ 416196.5393, 4559659.967199999839, 0.0 ], [ 416195.9048, 4559659.3091, 0.0 ], [ 416195.499699999986, 4559657.8753, 0.0 ], [ 416195.0006, 4559656.506, 0.0 ], [ 416193.679599999974, 4559655.64699999988, 0.0 ], [ 416192.5886, 4559654.9264, 0.0 ], [ 416191.34, 4559653.203499999829, 0.0 ], [ 416190.456799999985, 4559651.4265, 0.0 ], [ 416189.608042959822342, 4559650.518724510446191, 0.0 ], [ 416187.489903420617338, 4559651.270479048602283, 0.0 ], [ 416188.1019, 4559652.404299999587, 0.0 ], [ 416189.0439, 4559653.5942, 0.0 ], [ 416189.608, 4559654.4752, 0.0 ], [ 416190.204399999988, 4559655.3969, 0.0 ], [ 416190.8849, 4559656.1089, 0.0 ], [ 416191.703199999989, 4559657.0547, 0.0 ], [ 416192.5962, 4559658.0053, 0.0 ], [ 416192.8173, 4559659.0568, 0.0 ], [ 416192.9918, 4559660.8043, 0.0 ], [ 416194.0822, 4559661.832499999553, 0.0 ], [ 416195.4121, 4559662.3815, 0.0 ], [ 416197.1019, 4559662.690899999812, 0.0 ], [ 416198.2359, 4559663.131099999882, 0.0 ], [ 416198.488499999978, 4559664.00899999961, 0.0 ], [ 416198.434499999974, 4559665.443599999882, 0.0 ], [ 416199.0972, 4559666.29349999968, 0.0 ], [ 416199.162455091718584, 4559666.367817805148661, 0.0 ], [ 416201.618119720427785, 4559664.747703848406672, 0.0 ] ] ] } },
{ "type": "Feature", "properties": { "ELEVATION": "0" }, "geometry": { "type": "Polygon", "coordinates": [ [ [ 416200.363724825088866, 4559667.735921475104988, 0.0 ], [ 416200.566799999971, 4559667.967199999839, 0.0 ], [ 416201.1939, 4559669.290599999949, 0.0 ], [ 416202.1337, 4559669.8563, 0.0 ], [ 416203.438499999989, 4559669.898, 0.0 ], [ 416205.7649, 4559669.2871, 0.0 ], [ 416206.6924, 4559668.848799999803, 0.0 ], [ 416207.9252, 4559668.9046, 0.0 ], [ 416209.3314, 4559669.0751, 0.0 ], [ 416211.0299, 4559668.315799999982, 0.0 ], [ 416212.5553, 4559667.7596, 0.0 ], [ 416212.598282166698482, 4559667.770700152032077, 0.0 ], [ 416212.813380840583704, 4559665.79889256041497, 0.0 ], [ 416212.727499999979, 4559665.798299999908, 0.0 ], [ 416210.8715, 4559665.7741, 0.0 ], [ 416209.1506, 4559666.5602, 0.0 ], [ 416207.103799999983, 4559666.517099999823, 0.0 ], [ 416205.2537, 4559666.5727, 0.0 ], [ 416203.521699999983, 4559666.904699999839, 0.0 ], [ 416202.6682, 4559666.329099999741, 0.0 ], [ 416202.618141577171627, 4559666.253713194280863, 0.0 ], [ 416200.363724825321697, 4559667.735921475104988, 0.0 ], [ 416200.363724825088866, 4559667.735921475104988, 0.0 ] ] ] } },
{ "type": "Feature", "properties": { }, "geometry": { "type": "LineString", "coordinates": [ [ 416292.549046324624214, 4559585.572485801763833, 33.977001190185547 ], [ 416296.282853687880561, 4559585.690613600425422, 33.977001190185547 ], [ 416297.504568402015138, 4559585.855588279664516, 33.862998962402344 ], [ 416299.291811691597104, 4559586.807380067184567, 33.862998962402344 ], [ 416299.465299999982, 4559587.3397, 0.0 ] ] } },
{ "type": "Feature", "properties": { }, "geometry": { "type": "LineString", "coordinates": [ [ 416309.798, 4559584.8765, 0.0 ], [ 416309.913693374022841, 4559584.356326894834638, 33.786998748779297 ], [ 416318.673548221006058, 4559578.55714245326817, 33.405998229980469 ] ] } },
{ "type": "Feature", "properties": { }, "geometry": { "type": "LineString", "coordinates": [ [ 416315.473869699577335, 4559571.9770089937374, 33.412998199462891 ], [ 416300.807132961985189, 4559575.998732013627887, 33.678001403808594 ], [ 416275.727645811100956, 4559582.737646971829236, 34.667999267578125 ], [ 416255.375890633324161, 4559588.241520530544221, 35.695999145507813 ], [ 416209.238957060675602, 4559601.886587028391659, 37.713001251220703 ], [ 416182.449137620220426, 4559608.662127623334527, 39.148998260498047 ], [ 416132.011173934210092, 4559622.917269879952073, 42.178001403808594 ], [ 416077.379849690129049, 4559638.578730060718954, 44.854999542236328 ] ] } },
{ "type": "Feature", "properties": { }, "geometry": { "type": "LineString", "coordinates": [ [ 416318.673548221006058, 4559578.55714245326817, 33.405998229980469 ], [ 416318.950988552474882, 4559578.48078434355557, 33.4010009765625 ] ] } },
{ "type": "Feature", "properties": { }, "geometry": { "type": "LineString", "coordinates": [ [ 415898.340424343012273, 4559798.111266784369946, 61.884998321533203 ], [ 415898.336175373289734, 4559798.112673974595964, 61.886001586914063 ] ] } },
{ "type": "Feature", "properties": { "ELEVATION": "72.008" }, "geometry": { "type": "LineString", "coordinates": [ [ 415768.392430322885048, 4559799.60819777008146, 72.008003234863281 ], [ 415768.394961410725955, 4559799.609013284556568, 72.008003234863281 ] ] } },
{ "type": "Feature", "properties": { }, "geometry": { "type": "LineString", "coordinates": [ [ 415572.750088270287961, 4559799.117029061540961, 85.052001953125 ], [ 415575.486319011019077, 4559801.830454631708562, 85.109001159667969 ] ] } },
{ "type": "Feature", "properties": { }, "geometry": { "type": "LineString", "coordinates": [ [ 415561.931936437904369, 4559783.912248850800097, 0.0 ], [ 415560.432454640627839, 4559780.561723387800157, 0.0 ], [ 415559.147111465281341, 4559777.123331231996417, 0.0 ], [ 415558.081020683981478, 4559773.610752120614052, 0.0 ], [ 415557.238423766975757, 4559770.037960940040648, 0.0 ], [ 415556.622673008416314, 4559766.419172135181725, 0.0 ], [ 415556.236218188714702, 4559762.768783153034747, 0.0 ], [ 415556.080596828716807, 4559759.101317162625492, 0.0 ], [ 415554.632206102774944, 4559728.276667093858123, 84.948997497558594 ], [ 415554.005628295708448, 4559707.511889700777829, 85.244003295898438 ], [ 415554.03901662689168, 4559705.896031593903899, 0.0 ], [ 415554.163681122183334, 4559704.284641253761947, 0.0 ], [ 415554.379223197174724, 4559702.682870700955391, 0.0 ], [ 415554.684953709191177, 4559701.095841202884912, 0.0 ], [ 415555.079895160684828, 4559699.52862689178437, 0.0 ], [ 415555.562784823880065, 4559697.986238550394773, 0.0 ], [ 415556.132078778173309, 4559696.473607584834099, 0.0 ], [ 415556.785956847015768, 4559694.995570257306099, 0.0 ], [ 415557.52232841658406, 4559693.556852228008211, 0.0 ], [ 415558.338839120813645, 4559692.162053442560136, 0.0 ], [ 415559.232878368406091, 4559690.815633423626423, 0.0 ], [ 415560.201587689807639, 4559689.521897018887103, 0.0 ], [ 415561.24186987610301, 4559688.284980631433427, 0.0 ], [ 415562.325918511021882, 4559687.067314621992409, 0.0 ], [ 415563.475518566905521, 4559685.909999989904463, 0.0 ], [ 415564.68714114028262, 4559684.816589318215847, 0.0 ], [ 415565.957066938921344, 4559683.790439024567604, 0.0 ], [ 415567.281397698679939, 4559682.834699063561857, 0.0 ], [ 415568.65606814972125, 4559681.952303250320256, 0.0 ], [ 415570.076858495012857, 4559681.145960252732038, 0.0 ], [ 415571.539407364616636, 4559680.418145287781954, 0.0 ], [ 415573.039225203625392, 4559679.771092511713505, 0.0 ], [ 415574.571708052710164, 4559679.206788171082735, 0.0 ], [ 415576.132151681988034, 4559678.72696449700743, 0.0 ], [ 415577.759107470221352, 4559678.277920197695494, 0.0 ], [ 415579.408365010924172, 4559677.919347704388201, 0.0 ], [ 415581.074889072624501, 4559677.652341751381755, 0.0 ], [ 415582.753591708722524, 4559677.477717515081167, 0.0 ], [ 415584.439347791019827, 4559677.396008129231632, 0.0 ], [ 415586.127010656928178, 4559677.407463053241372, 0.0 ], [ 415587.811427822103724, 4559677.512047317810357, 0.0 ], [ 415589.48745671188226, 4559677.709441621787846, 0.0 ], [ 415591.149980360874906, 4559677.999043315649033, 0.0 ], [ 415592.793923035904299, 4559678.379968237131834, 0.0 ], [ 415594.414265731815249, 4559678.851053410209715, 0.0 ] ] } },
{ "type": "Feature", "properties": { }, "geometry": { "type": "LineString", "coordinates": [ [ 415610.952127884491347, 4559689.310534075833857, 84.963996887207031 ], [ 415613.727037472883239, 4559692.444358716718853, 84.919998168945313 ], [ 415632.70241460687248, 4559717.851625734008849, 84.18499755859375 ], [ 415643.52047736372333, 4559730.418930867686868, 83.508003234863281 ], [ 415656.087543348723557, 4559742.161414004862309, 82.096000671386719 ], [ 415666.842532055219635, 4559748.68071171734482, 80.096000671386719 ], [ 415697.708922245015856, 4559760.653831895440817, 76.978996276855469 ], [ 415721.891669926175382, 4559771.213125652633607, 75.581001281738281 ], [ 415749.275254466512706, 4559783.732387702912092, 73.567001342773438 ], [ 415764.74695068661822, 4559790.747853068634868, 72.242996215820313 ], [ 415767.821679419081192, 4559791.880398019216955, 0.0 ], [ 415770.957670273724943, 4559792.823450098745525, 0.0 ], [ 415774.142923151724972, 4559793.573400651104748, 0.0 ], [ 415777.365249449620023, 4559794.127379935234785, 0.0 ], [ 415780.612318700004835, 4559794.483268110081553, 0.0 ], [ 415783.871705754718278, 4559794.639703342691064, 0.0 ], [ 415800.191464210918639, 4559794.247116525657475, 68.875 ], [ 415824.545013874711003, 4559792.851684273220599, 67.154998779296875 ], [ 415843.380943208409008, 4559793.255698542110622, 65.948997497558594 ], [ 415861.958837772486731, 4559793.627983714453876, 64.933998107910156 ], [ 415883.894887208123691, 4559792.721093872562051, 63.095001220703125 ], [ 415888.194725061475765, 4559792.134056434966624, 0.0 ], [ 415892.445271500619128, 4559791.263132656924427, 0.0 ], [ 415896.627902627573349, 4559790.112138516269624, 0.0 ], [ 415900.724292117927689, 4559788.686117127537727, 0.0 ], [ 415904.716491517086979, 4559786.991316648200154, 0.0 ], [ 415908.587008883128874, 4559785.03516289498657, 0.0 ] ] } },
{ "type": "Feature", "properties": { }, "geometry": { "type": "LineString", "coordinates": [ [ 415923.927036424982361, 4559771.886385739780962, 58.858001708984375 ], [ 415927.103863637312315, 4559768.34174074139446, 58.418998718261719 ], [ 415937.517726677411702, 4559753.649398691952229, 57.125 ], [ 415947.477870405011345, 4559732.677658328786492, 55.330001831054688 ], [ 415958.841889600618742, 4559702.632192597724497, 53.124000549316406 ], [ 415972.770014734298456, 4559675.251548638567328, 51.155998229980469 ], [ 415976.702063021424692, 4559670.407004688866436, 50.861000061035156 ], [ 415986.405579577200115, 4559664.519035349600017, 50.404998779296875 ] ] } },
{ "type": "Feature", "properties": { }, "geometry": { "type": "LineString", "coordinates": [ [ 415593.736525947228074, 4559688.311024999246, 0.0 ], [ 415592.424420804774854, 4559688.090831663459539, 0.0 ], [ 415591.10212480451446, 4559687.94373116735369, 0.0 ], [ 415589.773706544772722, 4559687.87017612811178, 0.0 ], [ 415588.443253461795393, 4559687.870392868295312, 0.0 ], [ 415587.114859252877068, 4559687.944380722008646, 0.0 ], [ 415585.792611280106939, 4559688.091912033036351, 0.0 ], [ 415584.480577994312625, 4559688.3125328598544, 0.0 ], [ 415583.182796416222118, 4559688.605564369820058, 0.0 ], [ 415581.903259715589229, 4559688.970104929059744, 0.0 ], [ 415580.645904924080241, 4559689.405032875947654, 0.0 ], [ 415579.414600821095519, 4559689.909009971655905, 0.0 ], [ 415578.213136030593887, 4559690.480485518462956, 0.0 ], [ 415577.045207362913061, 4559691.117701132781804, 0.0 ], [ 415575.914408440876286, 4559691.818696153350174, 0.0 ], [ 415574.824218641908374, 4559692.581313675269485, 0.0 ], [ 415573.600293166178744, 4559693.739938517101109, 0.0 ], [ 415572.442807469691616, 4559694.964945101179183, 0.0 ], [ 415571.355358007713221, 4559696.252527172677219, 0.0 ], [ 415570.341323624597862, 4559697.598684050142765, 0.0 ], [ 415569.403855054988526, 4559698.999233052134514, 0.0 ], [ 415568.545865133579355, 4559700.449822492897511, 0.0 ], [ 415567.770019744697493, 4559701.945945207029581, 0.0 ], [ 415567.078729539120104, 4559703.482952548190951, 0.0 ], [ 415566.474142443912569, 4559705.056068840436637, 0.0 ], [ 415565.958136988512706, 4559706.660406206734478, 0.0 ], [ 415565.532316467724741, 4559708.290979770943522, 0.0 ], [ 415565.198003960424103, 4559709.942723128013313, 0.0 ], [ 415565.709163312800229, 4559732.32779080606997, 84.948997497558594 ], [ 415566.230054093291983, 4559760.853842451237142, 84.802001953125 ], [ 415566.169531636987813, 4559763.268483239226043, 0.0 ], [ 415566.236527971515898, 4559765.683028760366142, 0.0 ], [ 415566.430855709186289, 4559768.090725569985807, 0.0 ], [ 415566.751971319026779, 4559770.484839386306703, 0.0 ], [ 415567.198976645886432, 4559772.858673913404346, 0.0 ], [ 415567.770621424075216, 4559775.205589577555656, 0.0 ], [ 415568.4653067731997, 4559777.519022098742425, 0.0 ], [ 415569.281089670490474, 4559779.79250084515661, 0.0 ], [ 415570.215688385709655, 4559782.019666937179863, 0.0 ], [ 415571.266488862398546, 4559784.19429103191942, 0.0 ] ] } },
{ "type": "Feature", "properties": { }, "geometry": { "type": "LineString", "coordinates": [ [ 415561.931936438486446, 4559783.91224885173142, 85.208000183105469 ], [ 415565.776081153773703, 4559792.30142558272928, 85.208000183105469 ], [ 415569.205716218799353, 4559796.42974073626101, 85.208000183105469 ], [ 415572.379756949725561, 4559799.345333458855748, 85.052001953125 ] ] } },
{ "type": "Feature", "properties": { }, "geometry": { "type": "LineString", "coordinates": [ [ 415594.414265730825718, 4559678.851053409278393, 85.337997436523438 ], [ 415600.559802978590596, 4559680.718189258128405, 85.352996826171875 ], [ 415603.272608812781982, 4559682.063609846867621, 85.352996826171875 ], [ 415605.35715281101875, 4559683.274106823839247, 85.352996826171875 ], [ 415610.952127884491347, 4559689.310534075833857, 84.963996887207031 ] ] } },
{ "type": "Feature", "properties": { }, "geometry": { "type": "LineString", "coordinates": [ [ 415908.58700888248859, 4559785.03516289498657, 60.750999450683594 ], [ 415913.380251265771221, 4559781.590603211894631, 60.0 ], [ 415917.001377755485009, 4559778.463538246229291, 59.660999298095703 ], [ 415923.927036424982361, 4559771.886385739780962, 58.858001708984375 ] ] } },
{ "type": "Feature", "properties": { }, "geometry": { "type": "LineString", "coordinates": [ [ 415571.266488862107508, 4559784.194291030988097, 84.874000549316406 ], [ 415576.503782765823416, 4559790.601479025557637, 84.991996765136719 ], [ 415586.479569142276887, 4559801.433332707732916, 85.251998901367188 ] ] } },
{ "type": "Feature", "properties": { }, "geometry": { "type": "LineString", "coordinates": [ [ 415593.736525947228074, 4559688.311024998314679, 85.009002685546875 ], [ 415599.037504062172957, 4559690.450806903652847, 84.978996276855469 ], [ 415603.882011639710981, 4559695.57846981100738, 84.93499755859375 ], [ 415611.736350453807972, 4559707.929188312031329, 84.803001403808594 ], [ 415620.563172239577398, 4559719.2311324281618, 84.714996337890625 ], [ 415630.821602777577937, 4559730.394757849164307, 83.582000732421875 ], [ 415635.839036170509644, 4559736.843021213077009, 83.038002014160156 ], [ 415645.675213897426147, 4559745.219830305315554, 82.288002014160156 ], [ 415657.164298276882619, 4559753.490771728567779, 81.067001342773438 ], [ 415670.333709478320088, 4559761.177205188199878, 79.258003234863281 ], [ 415692.045346442377195, 4559770.06914287712425, 76.978996276855469 ], [ 415717.408043239614926, 4559780.789293243549764, 75.581001281738281 ], [ 415742.669681235798635, 4559791.989347122609615, 73.567001342773438 ], [ 415759.12621967861196, 4559798.50820202101022, 72.654998779296875 ], [ 415763.482422230474185, 4559799.664758420549333, 72.387001037597656 ] ] } },
{ "type": "Feature", "properties": { }, "geometry": { "type": "LineString", "coordinates": [ [ 415585.857077251886949, 4559801.711030064150691, 85.251998901367188 ], [ 415581.910699985281099, 4559797.494916899129748, 85.162002563476563 ] ] } },
{ "type": "Feature", "properties": { }, "geometry": { "type": "LineString", "coordinates": [ [ 416016.819878618291114, 4559659.60865711979568, 48.303001403808594 ], [ 416043.351348865020555, 4559652.616184375248849, 47.082000732421875 ], [ 416073.650590946024749, 4559645.202055458910763, 45.229000091552734 ], [ 416077.447088416898623, 4559644.427319667302072, 44.979999542236328 ] ] } },
{ "type": "Feature", "properties": { }, "geometry": { "type": "LineString", "coordinates": [ [ 415973.698536172683816, 4559675.747748821042478, 51.25 ], [ 415976.843430540291592, 4559671.987612169235945, 50.861000061035156 ], [ 415986.449583900917787, 4559664.886400936171412, 50.111000061035156 ], [ 415990.451093141920865, 4559662.633601876907051, 49.9010009765625 ], [ 415994.545604592422023, 4559660.556724096648395, 49.671001434326172 ], [ 415998.72536953620147, 4559658.659698011353612, 49.421001434326172 ], [ 416002.982477917685173, 4559656.946113674901426, 49.152999877929688 ], [ 416007.308873311674688, 4559655.419213984161615, 48.866001129150391 ], [ 416011.696368169796187, 4559654.081888543441892, 48.561000823974609 ], [ 416015.271088306093588, 4559653.143817270174623, 48.303001403808594 ], [ 416042.20094833127223, 4559647.156492915004492, 47.082000732421875 ], [ 416071.511604013387114, 4559639.74361948762089, 45.229000091552734 ], [ 416077.379849690129049, 4559638.578730060718954, 44.854999542236328 ] ] } },
{ "type": "Feature", "properties": { }, "geometry": { "type": "LineString", "coordinates": [ [ 415572.750088270287961, 4559799.117029061540961, 85.052001953125 ], [ 415570.523295206192415, 4559796.533115589059889, 85.093002319335938 ], [ 415568.451659130107146, 4559793.823153715580702, 85.129997253417969 ], [ 415566.542297911422793, 4559790.996454516425729, 85.161003112792969 ], [ 415564.801771864586044, 4559788.062730157747865, 85.188003540039063 ], [ 415563.236061208182946, 4559785.032060530036688, 85.209999084472656 ], [ 415561.850545518624131, 4559781.914858618751168, 85.226997375488281 ], [ 415560.649985245487187, 4559778.721834717318416, 85.238998413085938 ], [ 415559.638505356386304, 4559775.463959638029337, 85.246002197265625 ], [ 415558.819581163174007, 4559772.152427010238171, 85.247001647949219 ], [ 415558.196026381920092, 4559768.798614826984704, 85.244003295898438 ], [ 415557.769983464793768, 4559765.414046345278621, 85.235000610351563 ], [ 415557.542916239297483, 4559762.010350497439504, 85.222000122070313 ], [ 415557.505844964587595, 4559760.471908596344292, 85.213996887207031 ], [ 415556.057454239227809, 4559729.647258529439569, 84.948997497558594 ], [ 415555.430876431695651, 4559708.882481135427952, 85.244003295898438 ], [ 415555.512639435008168, 4559706.493471129797399, 85.252998352050781 ], [ 415555.793732608784921, 4559704.119641924276948, 85.261001586914063 ], [ 415556.27218997158343, 4559701.777596214786172, 85.266998291015625 ], [ 415556.94466516491957, 4559699.483714402653277, 85.272003173828125 ], [ 415557.806454858626239, 4559697.254040031693876, 85.275001525878906 ], [ 415558.851531646389049, 4559695.104167569428682, 85.277000427246094 ], [ 415560.072586201073136, 4559693.049133348278701, 85.277000427246094 ], [ 415561.461078397289384, 4559691.10331039596349, 85.275001525878906 ], [ 415562.66711801168276, 4559689.655572064220905, 85.273002624511719 ], [ 415564.30235482682474, 4559687.867228805087507, 85.422996520996094 ], [ 415566.078637559490744, 4559686.216052384115756, 85.538002014160156 ], [ 415567.983923052612226, 4559684.713237741962075, 85.615997314453125 ], [ 415570.005293512018397, 4559683.368973930366337, 85.657997131347656 ], [ 415572.12904409080511, 4559682.192375025711954, 85.663002014160156 ], [ 415574.340775806980673, 4559681.191418344154954, 85.629997253417969 ], [ 415576.625493168481626, 4559680.372890348546207, 85.560997009277344 ], [ 415577.55739981867373, 4559680.09755593445152, 85.523002624511719 ], [ 415579.947734378220048, 4559679.470680709928274, 85.524002075195313 ], [ 415582.380881533317734, 4559679.038915925659239, 85.516998291015625 ], [ 415584.84091669798363, 4559678.805087414570153, 85.501998901367188 ], [ 415587.311739308002871, 4559678.770725549198687, 85.478996276855469 ], [ 415589.777178196876775, 4559678.936055224388838, 85.448997497558594 ], [ 415592.221097433881368, 4559679.299994382075965, 85.410003662109375 ], [ 415594.62750193127431, 4559679.860161093063653, 85.363998413085938 ], [ 415596.980642129376065, 4559680.612889150157571, 85.310997009277344 ], [ 415599.265117075818125, 4559681.553252060897648, 85.251998901367188 ], [ 415601.465975221712142, 4559682.67509528901428, 85.185997009277344 ], [ 415603.568812278099358, 4559683.97107653785497, 85.113998413085938 ], [ 415605.55986548907822, 4559685.432713802903891, 85.036003112792969 ], [ 415605.87190757348435, 4559685.685201399028301, 85.023002624511719 ], [ 415610.234359806578141, 4559690.244601489044726, 84.963996887207031 ], [ 415613.009269395028241, 4559693.378426129929721, 84.919998168945313 ], [ 415631.984646528901067, 4559718.785693147219718, 84.18499755859375 ], [ 415642.802709285810124, 4559731.352998280897737, 83.508003234863281 ], [ 415655.369775270810351, 4559743.095481418073177, 82.096000671386719 ], [ 415666.124763977190014, 4559749.614779130555689, 80.096000671386719 ], [ 415696.991154166986234, 4559761.587899308651686, 76.978996276855469 ], [ 415721.173901848320384, 4559772.147193065844476, 75.581001281738281 ], [ 415748.557486388483085, 4559784.666455116122961, 73.567001342773438 ], [ 415764.029182608413976, 4559791.681920482777059, 72.242996215820313 ], [ 415767.081302460283041, 4559792.806904075667262, 72.097999572753906 ], [ 415770.193881672516, 4559793.745170098729432, 71.915000915527344 ], [ 415773.355182381113991, 4559794.493180251680315, 71.694999694824219 ], [ 415776.553282988083083, 4559795.04811371024698, 71.438003540039063 ], [ 415779.77612311928533, 4559795.407877760007977, 71.144996643066406 ], [ 415783.011549105285667, 4559795.57111569494009, 70.817001342773438 ], [ 415783.153937676921487, 4559795.573770754039288, 70.802001953125 ], [ 415799.473696132772602, 4559795.181183938868344, 68.875 ], [ 415823.827245796623174, 4559793.785751686431468, 67.154998779296875 ], [ 415842.663175130379386, 4559794.189765955321491, 65.948997497558594 ], [ 415861.241069694515318, 4559794.562051126733422, 64.933998107910156 ], [ 415883.177119129977655, 4559793.655161284841597, 63.095001220703125 ], [ 415886.760779312287923, 4559793.186153253540397, 62.786998748779297 ], [ 415890.312428930017632, 4559792.519892055541277, 62.472000122070313 ], [ 415893.821274913207162, 4559791.658402382396162, 62.150001525878906 ], [ 415897.276654267683625, 4559790.604302207008004, 61.823001861572266 ], [ 415900.668066478217952, 4559789.360794821754098, 61.491001129150391 ], [ 415903.985205418372061, 4559787.931659108027816, 61.157001495361328 ], [ 415907.217990670586005, 4559786.321238052099943, 60.819999694824219 ], [ 415910.356598158192355, 4559784.534425544552505, 60.483001708984375 ], [ 415913.391490000591148, 4559782.57665151078254, 60.144001007080078 ], [ 415916.313443497812841, 4559780.453865409828722, 59.806999206542969 ], [ 415916.49057237902889, 4559780.317049748264253, 59.785999298095703 ], [ 415928.141820633725729, 4559768.726265049539506, 58.418998718261719 ], [ 415938.555683673825115, 4559754.033923001028597, 57.125 ], [ 415948.515827401308343, 4559733.062182636931539, 55.330001831054688 ], [ 415959.879846596973948, 4559703.016716904938221, 53.124000549316406 ], [ 415967.635302547889296, 4559687.046961857005954, 51.966999053955078 ], [ 415970.82600503397407, 4559681.076118342578411, 51.5260009765625 ], [ 415973.698536172683816, 4559675.747748821042478, 51.25 ] ] } },
{ "type": "Feature", "properties": { }, "geometry": { "type": "LineString", "coordinates": [ [ 416016.819878618291114, 4559659.60865711979568, 48.303001403808594 ], [ 416013.049727881094441, 4559660.531997174955904, 48.527000427246094 ], [ 416009.332304627809208, 4559661.648200836032629, 48.755001068115234 ], [ 416005.677441927196924, 4559662.954315599985421, 48.986000061035156 ], [ 416002.094807366782334, 4559664.446886622346938, 49.219001770019531 ], [ 415998.593877481820527, 4559666.121965859085321, 49.451999664306641 ], [ 415995.183912687411066, 4559667.975122506730258, 49.687000274658203 ], [ 415991.87393278471427, 4559670.001454724930227, 49.922000885009766 ], [ 415988.672693101514596, 4559672.195602600462735, 50.155998229980469 ], [ 415985.588661333487835, 4559674.551762327551842, 50.388999938964844 ], [ 415983.679223783081397, 4559676.142684924416244, 50.537998199462891 ], [ 415981.472075918922201, 4559678.606252983212471, 50.73699951171875 ], [ 415979.417844319890719, 4559681.197091271169484, 50.956001281738281 ], [ 415977.52400899521308, 4559683.905765849165618, 51.194000244140625 ], [ 415975.797465907118749, 4559686.722413706593215, 51.450000762939453 ], [ 415974.447521863505244, 4559689.230656125582755, 51.685001373291016 ], [ 415967.102554531476926, 4559705.670303910970688, 53.050998687744141 ], [ 415955.460269408999011, 4559736.530226508155465, 55.330001831054688 ], [ 415945.456898638687562, 4559757.171850437298417, 57.125 ], [ 415938.862644781474955, 4559767.854757495224476, 58.066001892089844 ], [ 415936.216754919383675, 4559771.213118587620556, 58.459999084472656 ], [ 415933.416660187183879, 4559774.447371879592538, 58.826000213623047 ], [ 415930.46843459358206, 4559777.550501583144069, 59.162998199462891 ], [ 415927.378473475109786, 4559780.51577633805573, 59.470001220703125 ], [ 415924.153479623026215, 4559783.336763827130198, 59.745998382568359 ], [ 415920.80044874351006, 4559786.007344719022512, 59.991001129150391 ], [ 415917.326654282980599, 4559788.521725948899984, 60.203998565673828 ], [ 415915.498237073072232, 4559789.750464782118797, 60.300998687744141 ], [ 415912.334190172376111, 4559791.748894985765219, 60.590999603271484 ], [ 415909.068764178373385, 4559793.575285975821316, 60.890998840332031 ], [ 415905.711226735787932, 4559795.224454252049327, 61.201000213623047 ], [ 415902.271106912114192, 4559796.69171928986907, 61.520000457763672 ], [ 415898.758168152417056, 4559797.972916825674474, 61.847000122070313 ], [ 415898.340424343012273, 4559798.111266784369946, 61.884998321533203 ] ] } },
{ "type": "Feature", "properties": { }, "geometry": { "type": "LineString", "coordinates": [ [ 415743.700598019582685, 4559790.167108129709959, 73.567001342773438 ], [ 415717.763567205984145, 4559778.281489936634898, 75.581001281738281 ], [ 415692.92633564339485, 4559768.102725860662758, 76.978996276855469 ], [ 415663.025142983009573, 4559754.713343814015388, 80.096000671386719 ], [ 415650.925974063284229, 4559747.153892432339489, 82.096000671386719 ], [ 415637.693644875078462, 4559735.240547227673233, 83.508003234863281 ], [ 415629.07529037661152, 4559724.211499774828553, 84.18499755859375 ], [ 415625.196364885312505, 4559719.543548759073019, 84.18499755859375 ], [ 415609.71711793798022, 4559699.914921084418893, 84.919998168945313 ], [ 415602.69003446487477, 4559692.219540487974882, 85.023002624511719 ], [ 415600.897596389986575, 4559690.961896087042987, 85.018997192382813 ], [ 415598.997934215993155, 4559689.872955608181655, 85.015998840332031 ], [ 415597.006880041211843, 4559688.961794462054968, 85.01300048828125 ], [ 415594.941027640015818, 4559688.236006415449083, 85.010002136230469 ], [ 415592.817594167892821, 4559687.701640305109322, 85.009002685546875 ], [ 415590.654276670073159, 4559687.363149627111852, 85.008003234863281 ], [ 415588.46910459198989, 4559687.223355419933796, 85.007003784179688 ], [ 415586.280289518996142, 4559687.283422750420868, 85.008003234863281 ], [ 415584.106073397328146, 4559687.542851007543504, 85.009002685546875 ], [ 415581.964576503320131, 4559687.999478072859347, 85.010002136230469 ], [ 415579.87364642607281, 4559688.649498341605067, 85.012001037597656 ], [ 415577.850709322374314, 4559689.487494437023997, 85.014999389648438 ], [ 415575.912624684220646, 4559690.50648236181587, 85.017997741699219 ], [ 415574.075544829014689, 4559691.697969703003764, 85.022003173828125 ], [ 415573.743819200899452, 4559691.939628211781383, 85.023002624511719 ], [ 415571.980143765220419, 4559693.652506733313203, 85.018997192382813 ], [ 415570.361423759022728, 4559695.502983521670103, 85.019996643066406 ], [ 415568.898362311825622, 4559697.478823048993945, 85.025001525878906 ], [ 415567.600633324414957, 4559699.566960875876248, 85.035003662109375 ], [ 415566.476817503222264, 4559701.753590038977563, 85.050003051757813 ], [ 415565.534345624677371, 4559704.024252340197563, 85.069000244140625 ], [ 415564.779449401888996, 4559706.363933945074677, 85.092002868652344 ], [ 415564.217120280023664, 4559708.757164658978581, 85.119003295898438 ], [ 415564.117604521510657, 4559709.301037665456533, 85.125999450683594 ], [ 415564.628763872489799, 4559731.686105344444513, 84.948997497558594 ], [ 415565.149654652981553, 4559760.212156989611685, 84.802001953125 ], [ 415565.093967458524276, 4559763.233441191725433, 84.768997192382813 ], [ 415565.237841917201877, 4559766.251920630224049, 84.748001098632813 ], [ 415565.580648200586438, 4559769.254381528124213, 84.738998413085938 ], [ 415566.120885630778503, 4559772.227680234238505, 84.741996765136719 ], [ 415566.85618925007293, 4559775.158800756558776, 84.757003784179688 ], [ 415567.783340174122714, 4559778.034911744296551, 84.78399658203125 ], [ 415568.898279681976419, 4559780.843422659672797, 84.823997497558594 ], [ 415570.196126985480078, 4559783.572038889862597, 84.875 ], [ 415571.671200593875255, 4559786.208815572783351, 84.938003540039063 ], [ 415572.600115904817358, 4559787.683402938768268, 84.978996276855469 ], [ 415581.910699985281099, 4559797.494916899129748, 85.162002563476563 ] ] } },
{ "type": "Feature", "properties": { }, "geometry": { "type": "LineString", "coordinates": [ [ 415743.700598019582685, 4559790.167108129709959, 73.567001342773438 ], [ 415750.810547492525075, 4559793.446802178397775, 73.133003234863281 ], [ 415761.435080609691795, 4559797.366541092284024, 72.549003601074219 ], [ 415768.392430322885048, 4559799.60819777008146, 72.008003234863281 ] ] } },
{ "type": "Feature", "properties": { }, "geometry": { "type": "LineString", "coordinates": [ [ 415565.314502660883591, 4559894.613122696056962, 91.095001220703125 ], [ 415577.775430994282942, 4559888.752829967997968, 90.245002746582031 ], [ 415587.887293405598029, 4559882.570942787453532, 89.044998168945313 ], [ 415596.494797397695947, 4559873.717763519845903, 88.044998168945313 ], [ 415601.085050847905222, 4559866.366787525825202, 87.644996643066406 ], [ 415604.045129458827432, 4559859.812702241353691, 87.294998168945313 ], [ 415605.874084469513036, 4559853.832700742408633, 86.845001220703125 ], [ 415606.642958912823815, 4559847.108803140930831, 86.394996643066406 ], [ 415606.189844627282582, 4559837.301460114307702, 85.794998168945313 ], [ 415605.646669308480341, 4559832.791255116462708, 85.694999694824219 ], [ 415603.117793847282883, 4559824.757654126733541, 85.595001220703125 ], [ 415599.201458616415039, 4559817.06116795912385, 85.294998168945313 ], [ 415593.399398003588431, 4559809.46959334705025, 85.394996643066406 ], [ 415585.860409686807543, 4559801.714590271934867, 85.251998901367188 ] ] } },
{ "type": "Feature", "properties": { }, "geometry": { "type": "LineString", "coordinates": [ [ 415575.486319011019077, 4559801.830454631708562, 85.109001159667969 ], [ 415582.503916254383512, 4559808.789563564583659, 85.251998901367188 ], [ 415590.445710437314119, 4559817.384507901966572, 85.202003479003906 ], [ 415594.034679575124756, 4559822.696300365030766, 85.402000427246094 ], [ 415597.336404980276711, 4559830.646912024356425, 85.601997375488281 ], [ 415598.953281965688802, 4559836.597757974639535, 85.851997375488281 ], [ 415599.392031533585396, 4559842.203943472355604, 86.101997375488281 ], [ 415598.653076735325158, 4559849.963090707547963, 86.452003479003906 ], [ 415597.448976273881271, 4559855.717807123437524, 86.652000427246094 ], [ 415594.678628679772373, 4559862.568257842212915, 87.351997375488281 ], [ 415591.570452188316267, 4559867.489215670153499, 87.702003479003906 ], [ 415584.994209607713856, 4559876.253977983258665, 88.652000427246094 ], [ 415578.699185836478136, 4559881.57653848733753, 89.351997375488281 ], [ 415570.099727292021271, 4559885.889292931184173, 90.202003479003906 ], [ 415563.59026760380948, 4559887.828801547177136, 91.095001220703125 ] ] } },
{ "type": "Feature", "properties": { }, "geometry": { "type": "LineString", "coordinates": [ [ 415597.068700417119544, 4559830.815944113768637, 85.623001098632813 ], [ 415598.553033255971968, 4559836.278967054560781, 85.851997375488281 ], [ 415598.991782823926769, 4559841.885152551345527, 86.101997375488281 ], [ 415598.252828025608324, 4559849.644299786537886, 86.452003479003906 ], [ 415597.048727564222645, 4559855.399016203358769, 86.652000427246094 ], [ 415594.278379970113747, 4559862.249466922134161, 87.351997375488281 ], [ 415591.170203478483018, 4559867.170424750074744, 87.702003479003906 ], [ 415584.593960897997022, 4559875.93518706317991, 88.652000427246094 ], [ 415578.298937126877718, 4559881.257747567258775, 89.351997375488281 ], [ 415569.699478582304437, 4559885.570502011105418, 90.202003479003906 ], [ 415563.148230235499796, 4559887.313219973817468, 91.095001220703125 ] ] } },
{ "type": "Feature", "properties": { }, "geometry": { "type": "LineString", "coordinates": [ [ 415606.621985788282473, 4559852.381907326169312, 86.707000732421875 ], [ 415607.262118368409574, 4559846.82754557672888, 86.394996643066406 ], [ 415606.809004082810134, 4559837.020202551037073, 85.794998168945313 ], [ 415606.265828764007892, 4559832.509997553192079, 85.694999694824219 ], [ 415603.736953302810434, 4559824.476396563462913, 85.595001220703125 ], [ 415599.820618071884383, 4559816.779910394921899, 85.294998168945313 ], [ 415594.018557459115982, 4559809.188335783779621, 85.394996643066406 ], [ 415586.739651078882162, 4559801.700866777449846, 85.257003784179688 ] ] } },
{ "type": "Feature", "properties": { }, "geometry": { "type": "LineString", "coordinates": [ [ 415565.82624384277733, 4559895.227577505633235, 91.095001220703125 ], [ 415578.287172176002059, 4559889.367284777574241, 90.245002746582031 ], [ 415588.399034587375354, 4559883.18539759516716, 89.044998168945313 ], [ 415597.006538579473272, 4559874.332218327559531, 88.044998168945313 ], [ 415601.596792029682547, 4559866.981242335401475, 87.644996643066406 ], [ 415604.556870640604757, 4559860.427157049998641, 87.294998168945313 ], [ 415606.385825651173946, 4559854.447155551053584, 86.845001220703125 ], [ 415606.621985788282473, 4559852.381907326169312, 86.707000732421875 ] ] } },
{ "type": "Feature", "properties": { }, "geometry": { "type": "LineString", "coordinates": [ [ 415574.892658256692812, 4559801.837290937080979, 85.103996276855469 ], [ 415582.133584933821112, 4559809.017867960035801, 85.251998901367188 ], [ 415590.075379116577096, 4559817.612812298350036, 85.202003479003906 ], [ 415593.664348254387733, 4559822.92460476141423, 85.402000427246094 ], [ 415597.068700417119544, 4559830.815944113768637, 85.623001098632813 ] ] } },
{ "type": "Feature", "properties": { }, "geometry": { "type": "LineString", "coordinates": [ [ 415901.382772831595503, 4559798.077590852044523, 0.0 ], [ 415897.102700155402999, 4559799.468415068462491, 0.0 ], [ 415892.742819633102044, 4559800.580878969281912, 0.0 ], [ 415888.321058910572901, 4559801.410408153198659, 0.0 ], [ 415883.855600082373712, 4559801.953591628931463, 0.0 ], [ 415860.988347837410402, 4559802.25353635288775, 64.933998107910156 ], [ 415843.250890267780051, 4559801.607406741008162, 65.948997497558594 ], [ 415823.868599537527189, 4559801.47148794028908, 67.154998779296875 ], [ 415801.701214081374928, 4559801.83129776455462, 68.875 ], [ 415783.83684011362493, 4559802.217307227663696, 70.802001953125 ] ] } },
{ "type": "Feature", "properties": { }, "geometry": { "type": "LineString", "coordinates": [ [ 415555.785343333380297, 4559897.737377684563398, 91.967002868652344 ], [ 415555.968283295980655, 4559897.70307154301554, 91.955001831054688 ], [ 415565.82624384277733, 4559895.227577505633235, 91.110000610351563 ] ] } },
{ "type": "Feature", "properties": { }, "geometry": { "type": "LineString", "coordinates": [ [ 415563.148230235499796, 4559887.313219973817468, 91.093002319335938 ], [ 415555.686361525091343, 4559889.170514519326389, 91.764999389648438 ] ] } },
{ "type": "Feature", "properties": { }, "geometry": { "type": "LineString", "coordinates": [ [ 415763.485401369514875, 4559799.665549372322857, 72.386001586914063 ], [ 415772.028446282609366, 4559801.933697640895844, 71.860000610351563 ], [ 415783.83684011362493, 4559802.217307227663696, 70.802001953125 ] ] } },
{ "type": "Feature", "properties": { "ELEVATION": "85.252" }, "geometry": { "type": "LineString", "coordinates": [ [ 415585.860409686807543, 4559801.714590271934867, 85.251998901367188 ], [ 415585.857077251886949, 4559801.711030064150691, 85.251998901367188 ] ] } },
{ "type": "Feature", "properties": { }, "geometry": { "type": "LineString", "coordinates": [ [ 415565.314502660883591, 4559894.613122696056962, 91.095001220703125 ], [ 415555.777251319610514, 4559897.037014893256128, 91.805000305175781 ] ] } },
{ "type": "Feature", "properties": { }, "geometry": { "type": "LineString", "coordinates": [ [ 415563.59026760380948, 4559887.828801547177136, 91.095001220703125 ], [ 415555.694046244374476, 4559889.835626013576984, 91.694000244140625 ] ] } },
{ "type": "Feature", "properties": { }, "geometry": { "type": "LineString", "coordinates": [ [ 415898.336175373289734, 4559798.112673974595964, 61.886001586914063 ], [ 415894.753588103689253, 4559799.181399321183562, 62.220001220703125 ], [ 415891.119517458602786, 4559800.056991175748408, 62.560001373291016 ], [ 415887.44427733757766, 4559800.736964510753751, 62.905998229980469 ], [ 415883.73829848371679, 4559801.219389485195279, 63.255001068115234 ], [ 415882.775200641481206, 4559801.311906165443361, 63.345001220703125 ], [ 415859.907948397099972, 4559801.61185089033097, 64.933998107910156 ], [ 415842.170490827527829, 4559800.965721278451383, 65.948997497558594 ], [ 415822.788200097216759, 4559800.829802477732301, 67.154998779296875 ], [ 415803.199110882007517, 4559801.147762699052691, 68.675003051757813 ] ] } },
{ "type": "Feature", "properties": { }, "geometry": { "type": "LineString", "coordinates": [ [ 415768.394961410725955, 4559799.609013284556568, 72.008003234863281 ], [ 415769.364687696273904, 4559799.921458899974823, 71.932998657226563 ], [ 415774.923809953499585, 4559800.646608444862068, 71.649002075195313 ], [ 415781.014120946521871, 4559800.819386411458254, 70.864997863769531 ], [ 415803.199110882007517, 4559801.147762699052691, 68.675003051757813 ] ] } },
{ "type": "Feature", "properties": { }, "geometry": { "type": "LineString", "coordinates": [ [ 415380.095620127103757, 4560030.431507140398026, 109.733001708984375 ], [ 415383.236664524825756, 4560058.547525582835078, 111.25 ], [ 415384.963095599319786, 4560073.099949849769473, 112.178001403808594 ], [ 415385.794733679911587, 4560084.906122541986406, 112.163002014160156 ], [ 415385.55830532318214, 4560090.36026278976351, 112.501998901367188 ], [ 415383.870715980010573, 4560105.524514424614608, 113.09100341796875 ], [ 415382.032561020285357, 4560116.272451226599514, 114.299003601074219 ], [ 415382.342027310980484, 4560125.583653924055398, 115.388999938964844 ], [ 415385.042167964507826, 4560136.84174120426178, 116.081001281738281 ], [ 415390.407024865387939, 4560163.666996458545327, 117.730003356933594 ], [ 415396.219411905913148, 4560190.815877597779036, 120.735000610351563 ], [ 415403.299854302720632, 4560220.999105213209987, 123.09100341796875 ], [ 415409.978075626422651, 4560245.002826089039445, 124.829002380371094 ], [ 415412.331365015881602, 4560252.871323427185416, 125.194999694824219 ] ] } },
{ "type": "Feature", "properties": { }, "geometry": { "type": "LineString", "coordinates": [ [ 415494.094372718711384, 4559905.120878849178553, 96.654998779296875 ], [ 415509.37241914588958, 4559904.761884613893926, 95.605003356933594 ], [ 415527.710625956126023, 4559902.884675557725132, 94.055000305175781 ], [ 415547.280983868928161, 4559899.332172833383083, 92.555000305175781 ], [ 415555.785343333380297, 4559897.737377684563398, 91.967002868652344 ] ] } },
{ "type": "Feature", "properties": { }, "geometry": { "type": "LineString", "coordinates": [ [ 415555.686361525091343, 4559889.170514519326389, 91.764999389648438 ], [ 415553.712194092513528, 4559889.661894164979458, 91.943000793457031 ], [ 415534.408479342819192, 4559893.518104068003595, 93.492996215820313 ], [ 415525.073927196208388, 4559895.130994754843414, 94.142997741699219 ], [ 415508.99184465862345, 4559896.838229767978191, 95.693000793457031 ], [ 415494.231096609611996, 4559897.226433107629418, 96.742996215820313 ] ] } },
{ "type": "Feature", "properties": { }, "geometry": { "type": "LineString", "coordinates": [ [ 415494.231096615898423, 4559897.226433107629418, 97.779998779296875 ], [ 415486.11775499448413, 4559897.632535095326602, 98.46600341796875 ], [ 415457.033200589823537, 4559899.151162292808294, 100.820999145507813 ], [ 415422.592127188690938, 4559901.627946671098471, 103.263999938964844 ], [ 415414.823060026683379, 4559903.529790196567774, 103.822998046875 ], [ 415407.991084582987241, 4559906.40898809954524, 104.162002563476563 ], [ 415398.333122250507586, 4559912.907274969853461, 105.163002014160156 ], [ 415392.744479233922902, 4559919.555505331605673, 105.824996948242188 ], [ 415381.180533700680826, 4559938.121498672291636, 107.120002746582031 ], [ 415372.97760231787106, 4559951.034931533969939, 107.958999633789063 ], [ 415368.111335420282558, 4559956.897722147405148, 108.547996520996094 ], [ 415363.897332424123306, 4559960.062549260444939, 109.152000427246094 ] ] } },
{ "type": "Feature", "properties": { }, "geometry": { "type": "LineString", "coordinates": [ [ 415375.782800705288537, 4560009.037951586768031, 110.307998657226563 ], [ 415374.714627681882121, 4559998.451106225140393, 110.44000244140625 ], [ 415374.288683751598001, 4559990.90950702317059, 110.44000244140625 ], [ 415374.476757948985323, 4559984.793368364684284, 110.44000244140625 ], [ 415375.231137273018248, 4559979.477505141869187, 109.879997253417969 ], [ 415376.845954328193329, 4559972.820974974893034, 109.541999816894531 ], [ 415381.78016765700886, 4559958.005247816443443, 107.906997680664063 ], [ 415386.593789110775106, 4559946.837244100868702, 107.140998840332031 ], [ 415390.226285452314187, 4559939.74050382245332, 106.448997497558594 ], [ 415395.064644793979824, 4559932.107218981720507, 106.007003784179688 ], [ 415398.639276188099757, 4559928.031093563884497, 105.786003112792969 ], [ 415403.9655586432782, 4559923.040673114359379, 104.858001708984375 ], [ 415411.268860125390347, 4559917.389803852885962, 103.9010009765625 ], [ 415418.571894321590662, 4559913.83793440181762, 103.165000915527344 ], [ 415424.138665256206878, 4559912.083879406563938, 102.575996398925781 ], [ 415435.745383597386535, 4559910.371927690692246, 101.162002563476563 ], [ 415452.732615564309526, 4559908.897686644457281, 100.100997924804688 ], [ 415470.636333320988342, 4559907.186536785215139, 98.555000305175781 ], [ 415494.094372718711384, 4559905.120878849178553, 96.788002014160156 ] ] } },
{ "type": "Feature", "properties": { }, "geometry": { "type": "LineString", "coordinates": [ [ 415404.876192773517687, 4560254.006959394551814, 125.132003784179688 ], [ 415403.436845943622757, 4560249.778468996286392, 124.817001342773438 ], [ 415399.120419174490962, 4560235.023803626187146, 123.916999816894531 ], [ 415396.259830908093136, 4560224.203592959791422, 123.063003540039063 ], [ 415393.438762143021449, 4560211.206737464293838, 122.208000183105469 ], [ 415389.208131827414036, 4560191.176801539026201, 120.379997253417969 ], [ 415383.983626294182613, 4560166.681136938743293, 118.080001831054688 ], [ 415380.381248395016883, 4560148.953517275862396, 116.916000366210938 ], [ 415376.970703996019438, 4560132.583837201818824, 115.824996948242188 ], [ 415374.120586771226954, 4560115.310963141731918, 114.630996704101563 ], [ 415371.736857379088178, 4560105.544419546611607, 114.204002380371094 ], [ 415368.604758641682565, 4560093.184519589878619, 114.792999267578125 ] ] } },
{ "type": "Feature", "properties": { }, "geometry": { "type": "LineString", "coordinates": [ [ 415379.195, 4560028.0735, 0.0 ], [ 415379.774223864020314, 4560031.87995021790266, 109.94000244140625 ], [ 415381.729252511111554, 4560050.23324969317764, 111.116996765136719 ], [ 415384.558814892487135, 4560072.521170587278903, 112.044998168945313 ], [ 415384.966613816504832, 4560085.0069197146222, 112.325996398925781 ], [ 415384.60152423317777, 4560093.019722496159375, 112.635002136230469 ], [ 415383.014428031514399, 4560105.38627515360713, 113.46099853515625 ], [ 415381.41409941657912, 4560117.347685508430004, 114.787002563476563 ], [ 415381.642659285687841, 4560124.345597997307777, 115.333000183105469 ], [ 415382.583782588480972, 4560130.582829188555479, 115.819000244140625 ], [ 415388.497430590388831, 4560158.116229458712041, 117.336997985839844 ], [ 415393.865651756816078, 4560182.496588909067214, 119.902000427246094 ], [ 415400.801867956877686, 4560211.987592953257263, 122.21600341796875 ], [ 415404.206680111587048, 4560225.924013316631317, 123.425003051757813 ], [ 415408.763800966611598, 4560242.403726512566209, 124.25 ], [ 415411.712406949722208, 4560252.965608444064856, 124.896003723144531 ] ] } },
{ "type": "Feature", "properties": { }, "geometry": { "type": "LineString", "coordinates": [ [ 415555.777251319610514, 4559897.037014893256128, 91.805000305175781 ], [ 415554.432244494615588, 4559897.378848345018923, 91.904998779296875 ], [ 415539.869542204309255, 4559900.135068803094327, 93.155998229980469 ], [ 415527.138091046712361, 4559902.38095910102129, 94.024002075195313 ], [ 415510.094330322695896, 4559904.260321224108338, 95.613998413085938 ], [ 415493.723893339920323, 4559904.980120154097676, 96.758003234863281 ], [ 415482.551413981011137, 4559905.873958361335099, 97.288002014160156 ], [ 415457.421825767320115, 4559908.372583358548582, 98.995002746582031 ], [ 415438.238383731222712, 4559909.957986129447818, 100.805999755859375 ], [ 415431.737159266020171, 4559910.696861935779452, 101.15899658203125 ], [ 415424.103724554588553, 4559911.933893078938127, 101.879997253417969 ], [ 415418.575101872091182, 4559913.575899230316281, 102.130996704101563 ], [ 415412.367943283228669, 4559916.407412238419056, 102.660003662109375 ], [ 415408.639677136787213, 4559919.000172510743141, 103.012001037597656 ] ] } },
{ "type": "Feature", "properties": { }, "geometry": { "type": "LineString", "coordinates": [ [ 415408.639677136205137, 4559919.000172511674464, 103.012001037597656 ], [ 415408.622619708417915, 4559919.01203481387347, 103.013999938964844 ], [ 415402.95745666557923, 4559923.379825172945857, 103.676002502441406 ], [ 415397.641360112000257, 4559928.772014022804797, 104.573997497558594 ], [ 415394.037809665722307, 4559933.177503914572299, 105.119003295898438 ], [ 415389.271398025681265, 4559940.547469616867602, 105.958000183105469 ], [ 415386.492001298523974, 4559945.785069720819592, 106.472999572753906 ], [ 415381.650831369683146, 4559957.31505223736167, 107.267997741699219 ], [ 415376.02213874302106, 4559974.342365715652704, 108.872001647949219 ], [ 415375.231734462780878, 4559978.032056, 109.075996398925781 ], [ 415374.636302709172014, 4559981.759397165849805, 109.257003784179688 ], [ 415374.237510746810585, 4559985.513952309265733, 109.413002014160156 ], [ 415374.036475230474025, 4559989.28520832490176, 109.544998168945313 ], [ 415374.033759078476578, 4559993.062605340965092, 109.652999877929688 ], [ 415374.229369896289427, 4559996.835566294379532, 109.735000610351563 ], [ 415374.426640808291268, 4559998.954414574429393, 109.769996643066406 ], [ 415375.324857954285108, 4560006.152116801589727, 109.637001037597656 ], [ 415376.598307072126772, 4560011.650355667807162, 109.680999755859375 ], [ 415378.8397, 4560016.094899999909, 0.0 ] ] } },
{ "type": "Feature", "properties": { }, "geometry": { "type": "LineString", "coordinates": [ [ 415555.694046244374476, 4559889.835626013576984, 91.694000244140625 ], [ 415552.917805181525182, 4559890.541207611560822, 91.904998779296875 ], [ 415538.610589431773406, 4559893.249073224142194, 93.155998229980469 ], [ 415526.145411758276168, 4559895.447991575114429, 94.024002075195313 ], [ 415509.556393345003016, 4559897.277210688218474, 95.613998413085938 ], [ 415493.290888763091061, 4559897.992395799607038, 96.758003234863281 ], [ 415481.698140890279319, 4559898.500769113190472, 97.288002014160156 ], [ 415457.058478286780883, 4559900.071541093289852, 98.995002746582031 ], [ 415438.150695030228235, 4559901.287314945831895, 100.805999755859375 ], [ 415431.008922277600504, 4559902.026719223707914, 101.15899658203125 ], [ 415422.468924730375875, 4559903.072927370667458, 101.879997253417969 ], [ 415415.543428262404632, 4559904.616317042149603, 102.347000122070313 ], [ 415408.725484089285601, 4559907.248674917034805, 102.999000549316406 ], [ 415399.873507920128759, 4559912.91488988045603, 104.209999084472656 ] ] } },
{ "type": "Feature", "properties": { }, "geometry": { "type": "LineString", "coordinates": [ [ 415378.164290655811783, 4560090.107013685628772, 112.494003295898438 ], [ 415376.893551448825747, 4560073.1381407789886, 112.179000854492188 ], [ 415375.340963189606555, 4560063.67572402395308, 111.804000854492188 ], [ 415373.019524602685124, 4560051.10764595028013, 111.397003173828125 ], [ 415371.895450456126127, 4560044.713400397449732, 111.11199951171875 ], [ 415370.481281197804492, 4560034.661197504960001, 110.383003234863281 ] ] } },
{ "type": "Feature", "properties": { }, "geometry": { "type": "LineString", "coordinates": [ [ 415373.254642902000342, 4560092.184629638679326, 114.777999877929688 ], [ 415375.885081113316119, 4560103.860376655124128, 114.070999145507813 ], [ 415376.595698882592842, 4560104.169000734575093, 113.747001647949219 ], [ 415377.223773559671827, 4560103.079245262779295, 113.3489990234375 ], [ 415378.164290655811783, 4560090.107013685628772, 112.494003295898438 ] ] } },
{ "type": "Feature", "properties": { }, "geometry": { "type": "LineString", "coordinates": [ [ 415363.884006101987325, 4559960.667667534202337, 108.639999389648438 ], [ 415367.626125773706008, 4559957.879086831584573, 108.197998046875 ], [ 415370.808040912321303, 4559954.62182670738548, 107.932998657226563 ], [ 415375.086282580508851, 4559948.806080208159983, 107.388999938964844 ], [ 415388.004096022807062, 4559927.67711503431201, 105.430999755859375 ], [ 415394.758804136188701, 4559918.248366988264024, 104.680999755859375 ], [ 415399.873507920128759, 4559912.91488988045603, 104.209999084472656 ] ] } },
{ "type": "Feature", "properties": { }, "geometry": { "type": "LineString", "coordinates": [ [ 416077.447088416898623, 4559644.427319667302072, 44.979999542236328 ], [ 416097.182389077672269, 4559640.232593826949596, 44.485000610351563 ], [ 416112.693730740284082, 4559636.611746146343648, 43.305000305175781 ], [ 416123.322268680320121, 4559633.966718452982605, 42.841999053955078 ] ] } },
{ "type": "Feature", "properties": { }, "geometry": { "type": "LineString", "coordinates": [ [ 416141.728138108621351, 4559628.814927856437862, 41.595001220703125 ], [ 416200.396665803680662, 4559611.221966340206563, 38.279998779296875 ], [ 416222.074967617925722, 4559605.67988886218518, 37.251998901367188 ], [ 416238.860561996116303, 4559600.534137692302465, 36.339000701904297 ], [ 416260.389295702276286, 4559593.81020144559443, 35.500999450683594 ], [ 416284.912786069675349, 4559587.218097399920225, 34.359001159667969 ], [ 416292.549046324624214, 4559585.572485801763833, 33.977001190185547 ] ] } },
{ "type": "Feature", "properties": { "ELEVATION": "0" }, "geometry": { "type": "LineString", "coordinates": [ [ 416043.725827249174472, 4559840.821703049354255, 0.0 ], [ 416043.706330835819244, 4559840.826162854209542, 0.0 ], [ 416043.61541847337503, 4559840.385441918857396, 0.0 ], [ 416044.249051910184789, 4559840.240498247556388, 0.0 ], [ 416044.339964272687212, 4559840.681219183839858, 0.0 ], [ 416044.433331260399427, 4559841.100960301235318, 0.0 ], [ 416043.81918305112049, 4559841.241446655243635, 0.0 ], [ 416043.725827249407303, 4559840.821703049354255, 0.0 ] ] } },
{ "type": "Feature", "properties": { "ELEVATION": "0" }, "geometry": { "type": "LineString", "coordinates": [ [ 415690.536100127967075, 4559928.887859516777098, 0.0 ], [ 415690.531315926113166, 4559928.985244182869792, 0.0 ], [ 415690.517009394941851, 4559929.081690981984138, 0.0 ], [ 415690.49331831431482, 4559929.176271077245474, 0.0 ], [ 415690.46047084213933, 4559929.26807361189276, 0.0 ], [ 415690.418783317611087, 4559929.356214477680624, 0.0 ], [ 415690.368657214334235, 4559929.439844828099012, 0.0 ], [ 415690.310575274168514, 4559929.518159259110689, 0.0 ], [ 415690.245096857834142, 4559929.590403558686376, 0.0 ], [ 415690.172852558374871, 4559929.655881974846125, 0.0 ], [ 415690.094538127770647, 4559929.7139639146626, 0.0 ], [ 415690.010907776944805, 4559929.764090018346906, 0.0 ], [ 415689.922766911797225, 4559929.805777542293072, 0.0 ], [ 415689.830964377091732, 4559929.8386250147596, 0.0 ], [ 415689.736384281364735, 4559929.862316095270216, 0.0 ], [ 415689.639937482657842, 4559929.876622626557946, 0.0 ], [ 415689.542552816390526, 4559929.881406828761101, 0.0 ], [ 415689.445168150123209, 4559929.876622626557946, 0.0 ], [ 415689.348721351416316, 4559929.862316095270216, 0.0 ], [ 415689.254141255689319, 4559929.8386250147596, 0.0 ], [ 415689.162338720983826, 4559929.805777542293072, 0.0 ], [ 415689.074197855836246, 4559929.764090018346906, 0.0 ], [ 415688.990567505010404, 4559929.7139639146626, 0.0 ], [ 415688.912253074406181, 4559929.655881974846125, 0.0 ], [ 415688.840008774946909, 4559929.590403558686376, 0.0 ], [ 415688.774530358612537, 4559929.518159259110689, 0.0 ], [ 415688.716448418446817, 4559929.439844828099012, 0.0 ], [ 415688.666322315169964, 4559929.356214477680624, 0.0 ], [ 415688.624634790641721, 4559929.26807361189276, 0.0 ], [ 415688.591787318466231, 4559929.176271077245474, 0.0 ], [ 415688.5680962378392, 4559929.081690981984138, 0.0 ], [ 415688.553789706667885, 4559928.985244182869792, 0.0 ], [ 415688.549005504813977, 4559928.887859516777098, 0.0 ], [ 415688.553789706667885, 4559928.790474850684404, 0.0 ], [ 415688.5680962378392, 4559928.694028051570058, 0.0 ], [ 415688.591787318466231, 4559928.599447956308722, 0.0 ], [ 415688.624634790641721, 4559928.507645421661437, 0.0 ], [ 415688.666322315169964, 4559928.419504555873573, 0.0 ], [ 415688.716448418446817, 4559928.335874205455184, 0.0 ], [ 415688.774530358612537, 4559928.257559774443507, 0.0 ], [ 415688.840008774946909, 4559928.185315474867821, 0.0 ], [ 415688.912253074406181, 4559928.119837058708072, 0.0 ], [ 415688.990567505010404, 4559928.061755118891597, 0.0 ], [ 415689.074197855836246, 4559928.011629015207291, 0.0 ], [ 415689.162338720983826, 4559927.969941491261125, 0.0 ], [ 415689.254141255689319, 4559927.937094018794596, 0.0 ], [ 415689.348721351416316, 4559927.91340293828398, 0.0 ], [ 415689.445168150123209, 4559927.89909640699625, 0.0 ], [ 415689.542552816390526, 4559927.894312204793096, 0.0 ], [ 415689.639937482657842, 4559927.89909640699625, 0.0 ], [ 415689.736384281364735, 4559927.91340293828398, 0.0 ], [ 415689.830964377091732, 4559927.937094018794596, 0.0 ], [ 415689.922766911797225, 4559927.969941491261125, 0.0 ], [ 415690.010907776944805, 4559928.011629015207291, 0.0 ], [ 415690.094538127770647, 4559928.061755118891597, 0.0 ], [ 415690.172852558374871, 4559928.119837058708072, 0.0 ], [ 415690.245096857834142, 4559928.185315474867821, 0.0 ], [ 415690.310575274168514, 4559928.257559774443507, 0.0 ], [ 415690.368657214334235, 4559928.335874205455184, 0.0 ], [ 415690.418783317611087, 4559928.419504555873573, 0.0 ], [ 415690.46047084213933, 4559928.507645421661437, 0.0 ], [ 415690.49331831431482, 4559928.599447956308722, 0.0 ], [ 415690.517009394941851, 4559928.694028051570058, 0.0 ], [ 415690.531315926113166, 4559928.790474850684404, 0.0 ], [ 415690.536100127967075, 4559928.887859516777098, 0.0 ] ] } },
{ "type": "Feature", "properties": { "ELEVATION": "0" }, "geometry": { "type": "LineString", "coordinates": [ [ 416098.797532567114104, 4559712.479917294345796, 0.0 ], [ 416098.797299999977, 4559712.479899999686, 0.0 ], [ 416096.0533, 4559716.5579, 0.0 ], [ 416098.379, 4559720.058899999596, 0.0 ], [ 416102.674699999974, 4559720.2706, 0.0 ], [ 416105.918128202087246, 4559716.01043358258903, 0.0 ], [ 416103.944888466328848, 4559713.927441500127316, 0.0 ], [ 416104.4338, 4559713.4593, 0.0 ], [ 416103.1405, 4559712.160099999979, 0.0 ], [ 416098.835947273881175, 4559711.904654835350811, 0.0 ], [ 416098.797532567114104, 4559712.479917294345796, 0.0 ] ] } },
{ "type": "Feature", "properties": { "ELEVATION": "0" }, "geometry": { "type": "LineString", "coordinates": [ [ 416157.140399999975, 4559705.95299999975, 0.0 ], [ 416157.995799999975, 4559702.6687, 0.0 ], [ 416156.419799999974, 4559702.330299999565, 0.0 ], [ 416156.043317388219293, 4559702.330752241425216, 0.0 ], [ 416151.702999273780733, 4559702.503264570608735, 0.0 ], [ 416151.703, 4559702.503299999982, 0.0 ], [ 416151.564599999983, 4559703.0991, 0.0 ], [ 416152.360909343173262, 4559703.579341095872223, 0.0 ], [ 416155.261507246992551, 4559705.328644433990121, 0.0 ], [ 416155.614799999981, 4559705.539599999785, 0.0 ], [ 416157.140399999975, 4559705.95299999975, 0.0 ] ] } },
{ "type": "Feature", "properties": { "ELEVATION": "0" }, "geometry": { "type": "LineString", "coordinates": [ [ 416167.658666447678115, 4559705.462151649408042, 0.0 ], [ 416162.8277, 4559704.115, 0.0 ], [ 416160.8421, 4559703.48909999989, 0.0 ], [ 416160.401599999983, 4559703.498599999584, 0.0 ], [ 416160.0699, 4559703.707899999805, 0.0 ], [ 416159.6327, 4559704.9592, 0.0 ], [ 416159.1487, 4559706.5897, 0.0 ], [ 416159.1947, 4559707.0113, 0.0 ], [ 416160.380799999984, 4559707.831899999641, 0.0 ], [ 416163.174668496591039, 4559709.863717438653111, 0.0 ] ] } },
{ "type": "Feature", "properties": { "ELEVATION": "0" }, "geometry": { "type": "LineString", "coordinates": [ [ 415833.999404061411042, 4559929.523235452361405, 0.0 ], [ 415837.940599999973, 4559927.2986, 0.0 ], [ 415840.385675908590201, 4559925.811246442608535, 0.0 ], [ 415839.8399, 4559925.1096, 0.0 ], [ 415839.3446, 4559924.80989999976, 0.0 ], [ 415838.344, 4559924.2871, 0.0 ], [ 415836.5368, 4559923.981399999931, 0.0 ], [ 415832.5013, 4559924.4122, 0.0 ], [ 415823.5562, 4559925.391699999571, 0.0 ], [ 415817.2636, 4559926.1018, 0.0 ], [ 415808.820799999987, 4559926.82, 0.0 ], [ 415801.7452, 4559927.315899999812, 0.0 ], [ 415793.559499999974, 4559927.831299999729, 0.0 ], [ 415788.3359, 4559928.228, 0.0 ], [ 415782.4821, 4559928.553199999966, 0.0 ], [ 415778.5493, 4559928.7219, 0.0 ], [ 415771.286199999973, 4559928.024799999781, 0.0 ], [ 415767.204, 4559927.604199999943, 0.0 ], [ 415758.6181, 4559926.7614, 0.0 ], [ 415754.3786, 4559926.389299999923, 0.0 ], [ 415747.228, 4559926.42399999965, 0.0 ], [ 415743.2609, 4559927.036299999803, 0.0 ], [ 415739.114599999972, 4559927.971599999815, 0.0 ], [ 415735.681, 4559929.066399999894, 0.0 ], [ 415731.021599999978, 4559930.9296, 0.0 ], [ 415727.4474, 4559932.9302, 0.0 ], [ 415724.0367, 4559934.9877, 0.0 ], [ 415721.9662, 4559936.5278, 0.0 ], [ 415719.3724, 4559939.1891, 0.0 ], [ 415715.906499999983, 4559942.576799999923, 0.0 ], [ 415712.9193, 4559945.699199999683, 0.0 ], [ 415707.539899999974, 4559951.132799999788, 0.0 ], [ 415705.2611, 4559953.7416, 0.0 ], [ 415702.298, 4559957.933299999684, 0.0 ], [ 415701.713972300116438, 4559958.681726085953414, 0.0 ], [ 415701.713972300174646, 4559958.681726085953414, 0.0 ], [ 415698.935899999982, 4559962.2418, 0.0 ], [ 415696.2074, 4559965.9599, 0.0 ], [ 415691.5898, 4559970.2707, 0.0 ], [ 415688.2528, 4559973.1183, 0.0 ], [ 415681.2455, 4559977.9287, 0.0 ], [ 415677.6929, 4559980.34, 0.0 ], [ 415671.0287, 4559983.389299999923, 0.0 ], [ 415666.6851, 4559983.884899999946, 0.0 ], [ 415659.3398, 4559984.5651, 0.0 ], [ 415654.7466, 4559985.6867, 0.0 ], [ 415649.5606, 4559988.024699999951, 0.0 ], [ 415646.2469, 4559989.3936, 0.0 ], [ 415640.6187, 4559992.2466, 0.0 ], [ 415636.9732, 4559994.4669, 0.0 ], [ 415632.2861, 4559996.82799999975, 0.0 ], [ 415628.6495, 4559998.512799999677, 0.0 ], [ 415626.2121, 4560000.2493, 0.0 ], [ 415623.844, 4560002.900299999863, 0.0 ], [ 415621.021499999973, 4560007.920099999756, 0.0 ], [ 415619.030299999984, 4560011.8141, 0.0 ], [ 415616.5434, 4560017.7686, 0.0 ], [ 415614.3552, 4560022.336799999699, 0.0 ], [ 415611.445699999982, 4560027.8842, 0.0 ], [ 415609.3969, 4560032.1642, 0.0 ], [ 415607.1144, 4560037.8687, 0.0 ], [ 415606.003199999977, 4560041.7192, 0.0 ], [ 415606.2296, 4560047.371399999596, 0.0 ], [ 415606.6949, 4560052.6254, 0.0 ], [ 415607.4349, 4560058.627, 0.0 ], [ 415609.0103, 4560062.188799999654, 0.0 ], [ 415611.9056, 4560067.4724, 0.0 ], [ 415614.8178, 4560071.156399999745, 0.0 ], [ 415618.8356, 4560074.86429999955, 0.0 ], [ 415623.3362, 4560077.2871, 0.0 ], [ 415628.2449, 4560078.779799999669, 0.0 ], [ 415633.856299999985, 4560079.350399999879, 0.0 ], [ 415639.0139, 4560079.3563, 0.0 ], [ 415644.9745, 4560078.764299999923, 0.0 ], [ 415649.2613, 4560077.4308, 0.0 ], [ 415655.814599999983, 4560075.109199999832, 0.0 ], [ 415662.0128, 4560072.7817, 0.0 ], [ 415670.6536, 4560070.2516, 0.0 ], [ 415674.5078, 4560070.557, 0.0 ], [ 415679.2934, 4560070.545, 0.0 ], [ 415683.2245, 4560070.3886, 0.0 ], [ 415687.076599999971, 4560069.345499999821, 0.0 ], [ 415690.665099999984, 4560065.6786, 0.0 ], [ 415694.4122, 4560063.389399999753, 0.0 ], [ 415701.1176, 4560059.262299999595, 0.0 ], [ 415704.8089, 4560056.941499999724, 0.0 ], [ 415711.103599999973, 4560054.025399999693, 0.0 ], [ 415715.361199999985, 4560052.4834, 0.0 ], [ 415720.596299999976, 4560050.7724, 0.0 ], [ 415724.9318, 4560050.1626, 0.0 ], [ 415730.883199999982, 4560048.987599999644, 0.0 ], [ 415736.9782, 4560047.386699999683, 0.0 ], [ 415741.206799999985, 4560045.8062, 0.0 ], [ 415744.8762, 4560043.91, 0.0 ], [ 415748.3577, 4560041.2218, 0.0 ], [ 415751.234899999981, 4560038.242899999954, 0.0 ], [ 415753.406399999978, 4560035.0623, 0.0 ], [ 415754.5974, 4560032.303899999708, 0.0 ], [ 415756.4966, 4560026.246199999936, 0.0 ], [ 415758.38, 4560019.7, 0.0 ], [ 415760.359699999972, 4560013.06269999966, 0.0 ], [ 415762.249599999981, 4560007.00289999973, 0.0 ], [ 415764.6611, 4559997.918, 0.0 ], [ 415766.7849, 4559991.69, 0.0 ], [ 415769.1755, 4559983.635099999607, 0.0 ], [ 415770.3129, 4559978.700299999677, 0.0 ], [ 415773.2045, 4559970.5608, 0.0 ], [ 415774.350199999986, 4559966.634399999864, 0.0 ], [ 415775.8483, 4559963.433699999936, 0.0 ], [ 415779.6756, 4559958.9944, 0.0 ], [ 415782.384299999976, 4559956.977199999616, 0.0 ], [ 415786.9062, 4559953.4539, 0.0 ], [ 415790.5616, 4559951.4358, 0.0 ], [ 415796.895599999989, 4559948.4937, 0.0 ], [ 415800.6029, 4559946.674899999984, 0.0 ], [ 415807.5202, 4559942.789699999616, 0.0 ], [ 415814.614699999976, 4559938.768099999987, 0.0 ], [ 415824.0125, 4559934.251299999654, 0.0 ], [ 415831.0398, 4559931.0202, 0.0 ], [ 415833.911043541680556, 4559929.570130608044565, 0.0 ], [ 415833.999404061818495, 4559929.523235452361405, 0.0 ] ] } },
{ "type": "Feature", "properties": { "ELEVATION": "0" }, "geometry": { "type": "LineString", "coordinates": [ [ 415685.711208173423074, 4559937.811359423212707, 0.0 ], [ 415683.519, 4559936.836099999957, 0.0 ], [ 415682.048, 4559936.569799999706, 0.0 ], [ 415678.9098, 4559936.5716, 0.0 ], [ 415677.881474259775132, 4559936.77019720710814, 0.0 ], [ 415676.699, 4559939.4051, 0.0 ], [ 415676.3984, 4559939.8973, 0.0 ], [ 415675.62710322602652, 4559940.560875535011292, 0.0 ], [ 415676.699199999974, 4559944.4334, 0.0 ], [ 415674.8895, 4559944.7153, 0.0 ], [ 415677.216299999971, 4559947.4231, 0.0 ], [ 415677.23535798152443, 4559947.445278615690768, 0.0 ], [ 415677.602603483188432, 4559947.038084131665528, 0.0 ], [ 415683.1373, 4559940.773599999957, 0.0 ], [ 415685.711208173597697, 4559937.811359423212707, 0.0 ] ] } },
{ "type": "Feature", "properties": { "ELEVATION": "0" }, "geometry": { "type": "LineString", "coordinates": [ [ 416047.285699999774806, 4559702.36429999955, 0.0 ], [ 416047.221399999805726, 4559702.463899999857, 0.0 ], [ 416046.067033203085884, 4559704.079117178916931, 0.0 ], [ 416044.800199999823235, 4559705.8517, 0.0 ], [ 416042.378999999782536, 4559709.2395, 0.0 ], [ 416040.297599999816157, 4559712.1703, 0.0 ], [ 416038.50225404149387, 4559714.740459294989705, 0.0 ], [ 416037.956599999801256, 4559715.521599999629, 0.0 ], [ 416037.545451902784407, 4559716.12062300555408, 0.0 ], [ 416036.948935989988968, 4559716.98971800506115, 0.0 ], [ 416036.301336007600185, 4559717.933240037411451, 0.0 ], [ 416035.384278124489356, 4559719.26934927329421, 0.0 ], [ 416034.367406768607907, 4559720.750881939195096, 0.0 ], [ 416033.816872516821604, 4559721.552983869798481, 0.0 ], [ 416033.276963017007802, 4559722.339606047607958, 0.0 ], [ 416032.599799999909, 4559723.3262, 0.0 ], [ 416030.601249999774154, 4559726.309299999848, 0.0 ], [ 416028.602699999813922, 4559729.292399999686, 0.0 ], [ 416026.316099999821745, 4559732.705299999565, 0.0 ], [ 416022.88295312190894, 4559737.701122019439936, 0.0 ], [ 416023.40931389661273, 4559738.043904040008783, 0.0 ], [ 416025.08529713191092, 4559739.135354899801314, 0.0 ], [ 416026.452150324184913, 4559740.025490947067738, 0.0 ], [ 416026.4861, 4559740.0476, 0.0 ], [ 416026.649998182721902, 4559740.160872481763363, 0.0 ], [ 416027.782342535909265, 4559740.943452574312687, 0.0 ], [ 416030.3814, 4559742.739699999802, 0.0 ], [ 416031.202069511520676, 4559743.334124348126352, 0.0 ], [ 416034.077288183325436, 4559745.4166922532022, 0.0 ], [ 416035.960499999986, 4559742.9643, 0.0 ], [ 416038.0101, 4559739.960699999705, 0.0 ], [ 416043.748499999987, 4559730.8255, 0.0 ], [ 416046.4729, 4559726.5789, 0.0 ], [ 416049.552299999981, 4559721.675099999644, 0.0 ], [ 416053.045099999988, 4559716.1513, 0.0 ], [ 416056.5495, 4559710.6195, 0.0 ], [ 416057.210299999977, 4559709.3934, 0.0 ], [ 416057.4429, 4559708.6743, 0.0 ], [ 416057.4306, 4559707.898, 0.0 ], [ 416057.086699999985, 4559707.262199999765, 0.0 ], [ 416056.503299999982, 4559706.742399999872, 0.0 ], [ 416052.7548, 4559704.5562, 0.0 ], [ 416049.1486, 4559702.543899999931, 0.0 ], [ 416047.2857, 4559702.36429999955, 0.0 ] ] } },
{ "type": "Feature", "properties": { "ELEVATION": "0" }, "geometry": { "type": "LineString", "coordinates": [ [ 415681.528569467074703, 4560114.030048069544137, 0.0 ], [ 415687.9091051244759, 4560112.287614927627146, 0.0 ], [ 415704.709933072328568, 4560106.090221776627004, 0.0 ], [ 415719.892630092799664, 4560098.239585570991039, 0.0 ], [ 415731.096787726215553, 4560092.759350937791169, 0.0 ], [ 415749.685474761179648, 4560084.691638330928981, 0.0 ], [ 415760.325308262486942, 4560080.263897313736379, 0.0 ], [ 415766.438206735125277, 4560076.016227822750807, 0.0 ], [ 415770.131200577015989, 4560072.223663723096251, 0.0 ], [ 415775.047377867274918, 4560064.569098751991987, 0.0 ], [ 415781.164847652427852, 4560051.93247377499938, 0.0 ], [ 415784.87655475048814, 4560040.474532215856016, 0.0 ], [ 415787.93057831027545, 4560028.335672378540039, 0.0 ], [ 415791.861757215112448, 4560018.469789597205818, 0.0 ], [ 415796.63748643611325, 4560010.223087693564594, 0.0 ], [ 415800.531308700388763, 4560004.532554488629103, 0.0 ], [ 415804.180402262310963, 4560000.522721080109477, 0.0 ], [ 415806.549491689715069, 4559998.482088901102543, 0.0 ], [ 415809.75272945582401, 4559996.513963627628982, 0.0 ], [ 415813.072110855195206, 4559995.416108537465334, 0.0 ], [ 415817.502691819798201, 4559994.871081419289112, 0.0 ], [ 415822.155515930906404, 4559995.04545698966831, 0.0 ], [ 415823.076001912879292, 4559995.307721546851099, 0.0 ], [ 415827.857535341870971, 4559993.015023097395897, 0.0 ], [ 415822.029147568915505, 4559991.168280529789627, 0.0 ], [ 415815.330476704111788, 4559990.649146599695086, 0.0 ], [ 415812.405312874529045, 4559990.921502874232829, 0.0 ], [ 415809.093881741398945, 4559991.853862123563886, 0.0 ], [ 415805.856824358575977, 4559993.602580228820443, 0.0 ], [ 415802.576214501925278, 4559996.111584926955402, 0.0 ], [ 415798.905854628712405, 4560000.098499462939799, 0.0 ], [ 415793.799458317284007, 4560006.850171459838748, 0.0 ], [ 415790.840763801417779, 4560011.358081601560116, 0.0 ], [ 415786.959168349974789, 4560018.484240316785872, 0.0 ], [ 415783.649877642572392, 4560028.490660118870437, 0.0 ], [ 415780.077514862874523, 4560040.478751462884247, 0.0 ], [ 415774.500554279889911, 4560055.505437937565148, 0.0 ], [ 415769.365441778616514, 4560065.742883590981364, 0.0 ], [ 415766.020177040714771, 4560070.920882240869105, 0.0 ], [ 415763.371931631118059, 4560073.90412181429565, 0.0 ], [ 415760.967236051277723, 4560075.899166537448764, 0.0 ], [ 415758.772489203605801, 4560077.179297035560012, 0.0 ], [ 415754.364921302709263, 4560078.814982, 0.0 ], [ 415740.755979359673802, 4560083.885495021007955, 0.0 ], [ 415724.23814830952324, 4560091.554983477108181, 0.0 ], [ 415713.201133225520607, 4560096.710665427148342, 0.0 ], [ 415694.713503625127487, 4560105.723745403811336, 0.0 ], [ 415688.032936905510724, 4560107.69697086699307, 0.0 ], [ 415688.7204, 4560106.2388, 0.0 ], [ 415689.6977, 4560101.9844, 0.0 ], [ 415690.8225, 4560095.5936, 0.0 ], [ 415691.213, 4560091.4027, 0.0 ], [ 415691.3852, 4560086.6178, 0.0 ], [ 415691.513, 4560082.348899999633, 0.0 ], [ 415691.8739, 4560078.132799999788, 0.0 ], [ 415693.4526, 4560074.123599999584, 0.0 ], [ 415695.6243, 4560070.8941, 0.0 ], [ 415699.5847, 4560067.3806, 0.0 ], [ 415704.200499999977, 4560064.1539, 0.0 ], [ 415708.4229, 4560060.9374, 0.0 ], [ 415712.456, 4560058.632699999958, 0.0 ], [ 415717.275399999984, 4560056.393299999647, 0.0 ], [ 415720.9968, 4560055.2197, 0.0 ], [ 415726.5504, 4560053.764899999835, 0.0 ], [ 415731.7724, 4560052.8749, 0.0 ], [ 415739.2736, 4560050.6502, 0.0 ], [ 415742.4904, 4560049.319099999964, 0.0 ], [ 415747.905099999974, 4560047.099499999546, 0.0 ], [ 415751.1031, 4560044.6457, 0.0 ], [ 415756.2057, 4560040.0272, 0.0 ], [ 415757.345299999986, 4560036.5996, 0.0 ], [ 415758.7205, 4560032.9905, 0.0 ], [ 415760.2205, 4560028.2081, 0.0 ], [ 415762.8471, 4560019.4363, 0.0 ], [ 415764.094, 4560014.753399999812, 0.0 ], [ 415766.6574, 4560006.472199999727, 0.0 ], [ 415768.6952, 4560000.3518, 0.0 ], [ 415771.560899999982, 4559992.0848, 0.0 ], [ 415773.5275, 4559985.8353, 0.0 ], [ 415775.955499999982, 4559978.690799999982, 0.0 ], [ 415778.136799999978, 4559973.0131, 0.0 ], [ 415781.316, 4559965.5011, 0.0 ], [ 415783.0716, 4559962.3508, 0.0 ], [ 415785.9166, 4559959.712199999951, 0.0 ], [ 415788.2837, 4559957.8388, 0.0 ], [ 415793.922, 4559954.905899999663, 0.0 ], [ 415798.4009, 4559952.8249, 0.0 ], [ 415803.152, 4559949.963299999945, 0.0 ], [ 415809.1949, 4559946.816899999976, 0.0 ], [ 415817.4412, 4559942.3843, 0.0 ], [ 415824.8675, 4559938.4511, 0.0 ], [ 415833.551099999982, 4559934.228, 0.0 ], [ 415836.210861849598587, 4559933.644521567970514, 0.0 ], [ 415836.297147125180345, 4559933.593949878588319, 0.0 ], [ 415851.375929225294385, 4559924.756295073777437, 0.0 ], [ 415859.185321987082716, 4559920.274597748182714, 0.0 ], [ 415860.12100852408912, 4559919.769979723729193, 0.0 ], [ 415862.536531578109134, 4559918.467282269150019, 0.0 ], [ 415864.562207400274929, 4559917.38328380510211, 0.0 ], [ 415869.028495454171207, 4559915.080366490408778, 0.0 ], [ 415884.489424104627687, 4559906.665552207268775, 0.0 ], [ 415897.840268166619353, 4559899.837867128662765, 0.0 ], [ 415911.195737663190812, 4559892.950832583941519, 0.0 ], [ 415915.774449916905724, 4559890.629686181433499, 0.0 ], [ 415917.208215515012853, 4559891.993027788586915, 0.0 ], [ 415918.458717119880021, 4559894.150452338159084, 0.0 ], [ 415918.3961, 4559894.231399999931, 0.0 ], [ 415918.508199999982, 4559901.856499999762, 0.0 ], [ 415918.179599999974, 4559908.8124, 0.0 ], [ 415917.758099999977, 4559917.910899999551, 0.0 ], [ 415917.241099999985, 4559923.38499999978, 0.0 ], [ 415916.5857, 4559929.2229, 0.0 ], [ 415916.5027, 4559934.264399999753, 0.0 ], [ 415916.8913, 4559938.343, 0.0 ], [ 415917.417, 4559943.328599999659, 0.0 ], [ 415918.346499999985, 4559948.3196, 0.0 ], [ 415920.271699999983, 4559951.36199999973, 0.0 ], [ 415922.944599999988, 4559953.309399999678, 0.0 ], [ 415925.5691, 4559955.415199999698, 0.0 ], [ 415930.2001, 4559954.1467, 0.0 ], [ 415926.639099999971, 4559951.7641, 0.0 ], [ 415922.4511, 4559945.8731, 0.0 ], [ 415921.439599999983, 4559942.431499999948, 0.0 ], [ 415920.710299999977, 4559938.6434, 0.0 ], [ 415920.673699999985, 4559935.687, 0.0 ], [ 415922.4913, 4559934.41309999954, 0.0 ], [ 415925.6084, 4559933.602, 0.0 ], [ 415930.347499999974, 4559933.199699999765, 0.0 ], [ 415936.1339, 4559934.014, 0.0 ], [ 415940.623399999982, 4559934.8831, 0.0 ], [ 415945.0631, 4559936.098199999891, 0.0 ], [ 415950.0419, 4559937.561499999836, 0.0 ], [ 415955.094, 4559939.6216, 0.0 ], [ 415959.441799999971, 4559942.2629, 0.0 ], [ 415963.4131, 4559945.2262, 0.0 ], [ 415966.103699999978, 4559947.465599999763, 0.0 ], [ 415968.747199999983, 4559950.284199999645, 0.0 ], [ 415973.7946, 4559949.9718, 0.0 ], [ 415968.592, 4559946.2762, 0.0 ], [ 415965.6339, 4559942.741399999708, 0.0 ], [ 415962.0741, 4559939.4335, 0.0 ], [ 415957.8677, 4559937.4926, 0.0 ], [ 415954.054899999988, 4559935.9714, 0.0 ], [ 415950.589099999983, 4559934.71399999969, 0.0 ], [ 415945.457899999979, 4559932.993599999696, 0.0 ], [ 415942.1881, 4559931.9905, 0.0 ], [ 415937.492099999974, 4559929.7975, 0.0 ], [ 415932.9686, 4559929.1742, 0.0 ], [ 415929.1739, 4559929.3079, 0.0 ], [ 415924.5421, 4559929.92659999989, 0.0 ], [ 415921.8675, 4559929.8085, 0.0 ], [ 415920.8663, 4559929.455699999817, 0.0 ], [ 415920.921099999978, 4559928.602, 0.0 ], [ 415921.209299999988, 4559924.543399999849, 0.0 ], [ 415921.8417, 4559917.3552, 0.0 ], [ 415922.282699999982, 4559909.443799999543, 0.0 ], [ 415922.2796, 4559900.721199999563, 0.0 ], [ 415922.1911, 4559893.97559999954, 0.0 ], [ 415922.137189556728117, 4559893.829195049591362, 0.0 ], [ 415923.864616199221928, 4559889.191517149098217, 0.0 ], [ 415925.062142860784661, 4559886.913389931432903, 0.0 ], [ 415932.032146380690392, 4559884.004097680561244, 0.0 ], [ 415938.970434662711341, 4559881.031059800647199, 0.0 ], [ 415950.444143758912105, 4559876.078313085250556, 0.0 ], [ 415957.410430721414741, 4559873.085818684659898, 0.0 ], [ 415959.637377907405607, 4559872.142655597999692, 0.0 ], [ 415966.563959722989239, 4559869.180347014218569, 0.0 ], [ 415968.429739097715355, 4559867.27705064509064, 0.0 ], [ 415970.640587772824802, 4559863.106738727539778, 0.0 ], [ 415972.863512718176935, 4559861.637188325636089, 0.0 ], [ 415977.190881837275811, 4559859.14356551039964, 0.0 ], [ 415983.649111528706271, 4559855.38421391043812, 0.0 ], [ 415990.210005644126795, 4559851.446297309361398, 0.0 ], [ 415996.683760050917044, 4559847.817130375653505, 0.0 ], [ 416001.094525432621595, 4559845.258698482066393, 0.0 ], [ 416012.7994, 4559838.7555, 0.0 ], [ 416018.2624, 4559835.388199999928, 0.0 ], [ 416021.8687, 4559832.950899999589, 0.0 ], [ 416024.612, 4559830.794499999844, 0.0 ], [ 416026.7598, 4559828.676099999808, 0.0 ], [ 416030.228799999983, 4559824.1588, 0.0 ], [ 416030.245468490291387, 4559824.133882219903171, 0.0 ], [ 416033.84205288242083, 4559828.140830864198506, 0.0 ], [ 416036.964, 4559831.344499999657, 0.0 ], [ 416040.8829, 4559835.37249999959, 0.0 ], [ 416043.885, 4559838.565799999982, 0.0 ], [ 416044.3729, 4559839.395499999635, 0.0 ], [ 416044.9215, 4559841.0431, 0.0 ], [ 416045.8155, 4559841.053899999708, 0.0 ], [ 416045.6207, 4559842.2147, 0.0 ], [ 416044.3178, 4559844.386699999683, 0.0 ], [ 416042.7442, 4559849.0721, 0.0 ], [ 416041.352699999989, 4559853.2423, 0.0 ], [ 416040.0084, 4559857.1376, 0.0 ], [ 416038.934799999988, 4559860.4877, 0.0 ], [ 416037.482499999984, 4559864.621899999678, 0.0 ], [ 416035.872299999988, 4559869.551, 0.0 ], [ 416035.075955980282743, 4559870.157917297445238, 0.0 ], [ 416032.930462231219281, 4559867.212470607832074, 0.0 ], [ 416032.465099999972, 4559866.5267, 0.0 ], [ 416031.1548, 4559863.81269999966, 0.0 ], [ 416029.0103, 4559858.8524, 0.0 ], [ 416027.8411, 4559855.927899999544, 0.0 ], [ 416026.0496, 4559851.221199999563, 0.0 ], [ 416024.845199999982, 4559848.22829999961, 0.0 ], [ 416021.642799999972, 4559840.9708, 0.0 ], [ 416020.105099999986, 4559841.257299999706, 0.0 ], [ 416020.658646570576821, 4559842.67517670430243, 0.0 ], [ 416020.530327897984535, 4559842.725272993557155, 0.0 ], [ 416019.252279273874592, 4559839.472854737192392, 0.0 ], [ 416016.243299999973, 4559840.6719, 0.0 ], [ 416018.557199999981, 4559847.156499999575, 0.0 ], [ 416018.572753500076942, 4559847.216671673581004, 0.0 ], [ 416018.7476, 4559847.145399999805, 0.0 ], [ 416021.813733214978129, 4559845.961064195260406, 0.0 ], [ 416021.002427403698675, 4559844.099451660178602, 0.0 ], [ 416021.094099999988, 4559844.0595, 0.0 ], [ 416023.0478, 4559848.4144, 0.0 ], [ 416024.710408583923709, 4559852.535234029404819, 0.0 ], [ 416024.6173, 4559852.5728, 0.0 ], [ 416024.52501587459119, 4559852.61131805088371, 0.0 ], [ 416022.930203202879056, 4559848.790359022095799, 0.0 ], [ 416020.347599999979, 4559849.8683, 0.0 ], [ 416023.1435, 4559856.156299999915, 0.0 ], [ 416025.799338420911226, 4559855.649886195547879, 0.0 ], [ 416025.128373676387127, 4559853.829992209561169, 0.0 ], [ 416025.2222, 4559853.7954, 0.0 ], [ 416025.239485813071951, 4559853.789027007296681, 0.0 ], [ 416025.2407, 4559853.791899999604, 0.0 ], [ 416026.1522, 4559856.1995, 0.0 ], [ 416027.791689841076732, 4559860.350698078051209, 0.0 ], [ 416028.6534, 4559862.48639999982, 0.0 ], [ 416030.685699999973, 4559866.377299999818, 0.0 ], [ 416032.2726, 4559869.204699999653, 0.0 ], [ 416033.6262, 4559871.2274, 0.0 ], [ 416033.6763, 4559872.3731, 0.0 ], [ 416034.107299999974, 4559873.5788, 0.0 ], [ 416030.612499999988, 4559876.5081, 0.0 ], [ 416027.828856888110749, 4559878.734369335696101, 0.0 ], [ 416028.320071340713184, 4559879.866280061192811, 0.0 ], [ 416029.529618548811413, 4559881.68075006455183, 0.0 ], [ 416033.682296175684314, 4559887.197761816903949, 0.0 ], [ 416036.398892283497844, 4559890.807822422124445, 0.0 ], [ 416037.776476053171791, 4559892.662578272633255, 0.0 ], [ 416038.92535875790054, 4559894.615758752450347, 0.0 ], [ 416040.503936223103665, 4559896.466376289725304, 0.0 ], [ 416040.699145145714283, 4559897.371199537999928, 0.0 ], [ 416041.765051881026011, 4559902.311840478330851, 0.0 ], [ 416050.460673182678875, 4559900.518008406274021, 0.0 ], [ 416050.465354298125021, 4559895.308261329308152, 0.0 ], [ 416050.466211040096823, 4559894.354768672026694, 0.0 ], [ 416051.804967791074887, 4559888.989193947054446, 0.0 ], [ 416052.830084236222319, 4559887.106863702647388, 0.0 ], [ 416054.192791760026012, 4559885.577682484872639, 0.0 ], [ 416056.186762341996655, 4559883.588020699098706, 0.0 ], [ 416058.234553835703991, 4559881.763061477802694, 0.0 ], [ 416060.560578781471122, 4559879.982573043555021, 0.0 ], [ 416059.506265701318625, 4559878.490326276049018, 0.0 ], [ 416057.7939, 4559878.772499999963, 0.0 ], [ 416055.50944315479137, 4559878.595687323249876, 0.0 ], [ 416053.301963297824841, 4559877.870428636670113, 0.0 ], [ 416051.332194558111951, 4559876.63796014059335, 0.0 ], [ 416049.714612734911498, 4559874.969908424653113, 0.0 ], [ 416048.543225804227404, 4559872.963214590214193, 0.0 ], [ 416047.886110516614281, 4559870.734500391408801, 0.0 ], [ 416047.792895841528662, 4559868.667022809386253, 0.0 ], [ 416047.680418964708224, 4559868.673765633255243, 0.0 ], [ 416046.973566682485398, 4559869.178879071958363, 0.0 ], [ 416046.961599999981, 4559869.1292, 0.0 ], [ 416046.5958, 4559867.6106, 0.0 ], [ 416046.275399999984, 4559866.536799999885, 0.0 ], [ 416046.0047, 4559865.915699999779, 0.0 ], [ 416046.268017709313426, 4559864.607685577124357, 0.0 ], [ 416046.7479, 4559862.223899999633, 0.0 ], [ 416047.3443, 4559859.270299999975, 0.0 ], [ 416048.081, 4559855.6052, 0.0 ], [ 416048.645399999979, 4559852.490899999626, 0.0 ], [ 416049.2552, 4559849.5393, 0.0 ], [ 416049.683499999985, 4559847.2241, 0.0 ], [ 416050.1059, 4559846.077399999835, 0.0 ], [ 416050.8202, 4559845.272699999623, 0.0 ], [ 416052.311899999972, 4559844.4203, 0.0 ], [ 416054.5378, 4559846.976099999622, 0.0 ], [ 416056.5896, 4559849.284, 0.0 ], [ 416058.575699999987, 4559851.565899999812, 0.0 ], [ 416062.265358137723524, 4559855.80507773719728, 0.0 ], [ 416065.7859, 4559852.552699999884, 0.0 ], [ 416062.2233, 4559848.4928, 0.0 ], [ 416059.6915, 4559845.6117, 0.0 ], [ 416056.8655, 4559842.325299999677, 0.0 ], [ 416053.883099999977, 4559838.868499999866, 0.0 ], [ 416056.1842, 4559837.009399999864, 0.0 ], [ 416058.898, 4559835.2821, 0.0 ], [ 416065.466246159689035, 4559830.672621074132621, 0.0 ], [ 416073.434826203621924, 4559848.702440809458494, 0.0 ], [ 416087.246052448987029, 4559842.598341354168952, 0.0 ], [ 416075.919830676284619, 4559817.019963703118265, 0.0 ], [ 416078.280084454570897, 4559815.873613022267818, 0.0 ], [ 416077.273364304623101, 4559813.753188951872289, 0.0 ], [ 416076.023127209220547, 4559811.594016905874014, 0.0 ], [ 416070.5895, 4559815.2455, 0.0 ], [ 416069.9906, 4559814.5437, 0.0 ], [ 416074.6706, 4559810.7378, 0.0 ], [ 416071.9019, 4559807.32299999986, 0.0 ], [ 416073.127, 4559806.206, 0.0 ], [ 416071.7885, 4559803.7377, 0.0 ], [ 416070.8629, 4559801.7801, 0.0 ], [ 416069.5004, 4559799.7876, 0.0 ], [ 416067.1559, 4559801.59499999974, 0.0 ], [ 416065.3944, 4559799.350499999709, 0.0 ], [ 416067.5372, 4559797.6731, 0.0 ], [ 416065.7119, 4559795.2071, 0.0 ], [ 416061.4082, 4559798.599899999797, 0.0 ], [ 416056.6438, 4559802.588899999857, 0.0 ], [ 416060.367, 4559807.25009999983, 0.0 ], [ 416062.4902, 4559809.85699999984, 0.0 ], [ 416063.2491, 4559809.2141, 0.0 ], [ 416064.568, 4559810.9183, 0.0 ], [ 416065.797399999981, 4559812.2871, 0.0 ], [ 416066.619599999976, 4559811.675599999726, 0.0 ], [ 416065.462387434672564, 4559810.153154890052974, 0.0 ], [ 416065.9735, 4559809.7159, 0.0 ], [ 416067.3139, 4559811.398799999617, 0.0 ], [ 416064.722799999989, 4559813.3569, 0.0 ], [ 416059.3976, 4559817.117899999954, 0.0 ], [ 416047.3815, 4559825.63329999987, 0.0 ], [ 416046.658586130011827, 4559826.109544274397194, 0.0 ], [ 416044.399269750283565, 4559827.926606708206236, 0.0 ], [ 416041.97895, 4559825.32385, 0.0 ], [ 416040.568355412688106, 4559823.811554504558444, 0.0 ], [ 416040.0954, 4559823.30449999962, 0.0 ], [ 416039.127574964310043, 4559822.119453388266265, 0.0 ], [ 416038.158450066577643, 4559820.932815169915557, 0.0 ], [ 416037.67385, 4559820.339449999854, 0.0 ], [ 416035.252300000924151, 4559817.374400001019239, 0.0 ], [ 416035.747299999988, 4559816.771099999547, 0.0 ], [ 416036.5395, 4559815.7423, 0.0 ], [ 416037.5636, 4559813.784599999897, 0.0 ], [ 416038.6589, 4559811.80709999986, 0.0 ], [ 416040.1586, 4559809.893799999729, 0.0 ], [ 416042.8837, 4559806.668, 0.0 ], [ 416045.511899999983, 4559803.69319999963, 0.0 ], [ 416048.940799999982, 4559800.353799999692, 0.0 ], [ 416052.862399999984, 4559796.727599999867, 0.0 ], [ 416056.598799999978, 4559794.0667, 0.0 ], [ 416060.073199999984, 4559791.8397, 0.0 ], [ 416064.0359, 4559789.4472, 0.0 ], [ 416067.1336, 4559786.5025, 0.0 ], [ 416071.0772, 4559784.42679999955, 0.0 ], [ 416075.8067, 4559781.9999, 0.0 ], [ 416078.9511, 4559780.709699999541, 0.0 ], [ 416082.5457, 4559779.739799999632, 0.0 ], [ 416086.753299999982, 4559779.155, 0.0 ], [ 416091.4635, 4559778.266699999571, 0.0 ], [ 416096.4707, 4559777.290599999949, 0.0 ], [ 416101.638, 4559776.4493, 0.0 ], [ 416105.7675, 4559775.722099999897, 0.0 ], [ 416108.424, 4559775.132899999619, 0.0 ], [ 416110.419421745173167, 4559775.909456946887076, 0.0 ], [ 416113.937012277718168, 4559779.462843619287014, 0.0 ], [ 416114.8188, 4559778.4905, 0.0 ], [ 416120.259, 4559773.709599999711, 0.0 ], [ 416123.9537, 4559770.4127, 0.0 ], [ 416127.352499999979, 4559767.5235, 0.0 ], [ 416130.814, 4559764.1682, 0.0 ], [ 416131.792499999981, 4559765.251, 0.0 ], [ 416135.1361, 4559762.0804, 0.0 ], [ 416139.576799999981, 4559757.305399999954, 0.0 ], [ 416143.966299999971, 4559753.41849999968, 0.0 ], [ 416149.3067, 4559748.2766, 0.0 ], [ 416153.608699999982, 4559744.210799999535, 0.0 ], [ 416157.481299999985, 4559740.475399999879, 0.0 ], [ 416161.214099999983, 4559736.8426, 0.0 ], [ 416164.9931, 4559733.2115, 0.0 ], [ 416167.6464, 4559730.6653, 0.0 ], [ 416169.423093336401507, 4559728.906504734419286, 0.0 ], [ 416168.553399999975, 4559725.518799999729, 0.0 ], [ 416170.2672, 4559723.316499999724, 0.0 ], [ 416172.3791, 4559720.768699999899, 0.0 ], [ 416176.4626, 4559716.8309, 0.0 ], [ 416179.7413, 4559713.777599999681, 0.0 ], [ 416183.4062, 4559709.8568, 0.0 ], [ 416186.6476, 4559706.3375, 0.0 ], [ 416189.727399999974, 4559703.071, 0.0 ], [ 416192.584299999988, 4559699.975899999961, 0.0 ], [ 416195.0529, 4559694.5716, 0.0 ], [ 416202.749, 4559693.412499999627, 0.0 ], [ 416206.104, 4559688.081299998797476, 0.0 ], [ 416198.42237459711032, 4559689.224653327837586, 0.0 ], [ 416202.484899999981, 4559684.8051, 0.0 ], [ 416202.4332, 4559684.7635, 0.0 ], [ 416200.9008, 4559683.178199999966, 0.0 ], [ 416199.4545, 4559681.5543, 0.0 ], [ 416198.3204, 4559680.371, 0.0 ], [ 416195.7037, 4559675.5038, 0.0 ], [ 416194.574299999978, 4559675.53899999987, 0.0 ], [ 416193.7076, 4559675.3479, 0.0 ], [ 416193.297199999972, 4559674.76499999966, 0.0 ], [ 416193.6303, 4559673.731499999762, 0.0 ], [ 416194.128199999977, 4559672.797199999914, 0.0 ], [ 416195.026499999978, 4559672.222699999809, 0.0 ], [ 416195.4432, 4559671.7525, 0.0 ], [ 416195.4153, 4559670.999699999578, 0.0 ], [ 416194.6458, 4559669.32799999975, 0.0 ], [ 416192.7737, 4559665.1298, 0.0 ], [ 416191.7908, 4559662.8596, 0.0 ], [ 416190.306099999987, 4559659.503299999982, 0.0 ], [ 416189.188399999985, 4559656.9736, 0.0 ], [ 416188.117199999979, 4559654.757799999788, 0.0 ], [ 416187.1631, 4559654.121199999936, 0.0 ], [ 416185.216599999985, 4559654.33899999969, 0.0 ], [ 416183.462799999979, 4559655.3244, 0.0 ], [ 416182.0238, 4559656.2428, 0.0 ], [ 416180.4228, 4559654.969399999827, 0.0 ], [ 416179.6474, 4559653.8153, 0.0 ], [ 416178.2719, 4559653.467899999581, 0.0 ], [ 416177.489, 4559652.6061, 0.0 ], [ 416177.232, 4559651.4938, 0.0 ], [ 416177.571799999976, 4559650.530299999751, 0.0 ], [ 416178.1751, 4559649.6414, 0.0 ], [ 416178.0772, 4559648.928299999796, 0.0 ], [ 416178.223799999978, 4559648.540099999867, 0.0 ], [ 416178.472599999979, 4559648.2796, 0.0 ], [ 416176.8373, 4559646.94319999963, 0.0 ], [ 416176.0346, 4559646.0405, 0.0 ], [ 416174.979799999972, 4559643.579, 0.0 ], [ 416173.855, 4559640.8606, 0.0 ], [ 416172.755, 4559638.2674, 0.0 ], [ 416171.8569, 4559635.994, 0.0 ], [ 416171.954, 4559634.806699999608, 0.0 ], [ 416172.8351, 4559632.5184, 0.0 ], [ 416174.000922135775909, 4559630.65004806406796, 0.0 ], [ 416176.6374, 4559636.761099999771, 0.0 ], [ 416178.282, 4559640.371, 0.0 ], [ 416179.4878, 4559643.415099999867, 0.0 ], [ 416181.2022, 4559647.55399999954, 0.0 ], [ 416182.20278267521644, 4559648.491177696734667, 0.0 ], [ 416204.623499999987, 4559640.2476, 0.0 ], [ 416205.815599999973, 4559639.3898, 0.0 ], [ 416206.884299999976, 4559638.2412, 0.0 ], [ 416207.6165, 4559636.9488, 0.0 ], [ 416208.4476, 4559634.6911, 0.0 ], [ 416207.7046, 4559632.771399999969, 0.0 ], [ 416209.092, 4559627.0663, 0.0 ], [ 416209.601519968011416, 4559622.736456506885588, 0.0 ], [ 416215.274892897286918, 4559621.425150353461504, 0.0 ], [ 416217.415952742914669, 4559620.930063717998564, 0.0 ], [ 416217.416594096517656, 4559620.929891501553357, 0.0 ], [ 416217.731070703477599, 4559622.636853120289743, 0.0 ], [ 416220.401270703529008, 4559621.919853121042252, 0.0 ], [ 416222.4539, 4559625.7734, 0.0 ], [ 416223.857499999984, 4559631.4965, 0.0 ], [ 416224.4797, 4559634.4517, 0.0 ], [ 416225.0493, 4559636.1002, 0.0 ], [ 416223.318399999989, 4559636.6765, 0.0 ], [ 416217.358699999982, 4559638.253299999982, 0.0 ], [ 416213.7417, 4559639.254399999976, 0.0 ], [ 416210.7905, 4559640.0614, 0.0 ], [ 416208.4318, 4559637.336, 0.0 ], [ 416207.541399999987, 4559638.8913, 0.0 ], [ 416206.4549, 4559640.101099999622, 0.0 ], [ 416205.0281, 4559641.133799999952, 0.0 ], [ 416204.8372767213732, 4559640.741117171011865, 0.0 ], [ 416182.560799999977, 4559648.913499999791, 0.0 ], [ 416181.922199999972, 4559649.077499999665, 0.0 ], [ 416181.645115565916058, 4559648.869174465537071, 0.0 ], [ 416180.9079, 4559648.314899999648, 0.0 ], [ 416178.8368, 4559648.8585, 0.0 ], [ 416178.7242, 4559648.990899999626, 0.0 ], [ 416178.831, 4559649.5217, 0.0 ], [ 416178.1751, 4559649.6414, 0.0 ], [ 416177.571799999976, 4559650.530299999751, 0.0 ], [ 416177.232, 4559651.4938, 0.0 ], [ 416177.489, 4559652.6061, 0.0 ], [ 416178.2719, 4559653.467899999581, 0.0 ], [ 416179.6474, 4559653.8153, 0.0 ], [ 416179.8139, 4559653.9889, 0.0 ], [ 416180.326699999976, 4559653.689799999818, 0.0 ], [ 416180.571899999981, 4559654.1402, 0.0 ], [ 416180.8998, 4559654.117499999702, 0.0 ], [ 416182.7688, 4559653.4341, 0.0 ], [ 416182.956862055289093, 4559652.501163005828857, 0.0 ], [ 416182.894467685197014, 4559652.329008393920958, 0.0 ], [ 416205.9168, 4559644.0471, 0.0 ], [ 416207.6254, 4559643.214399999939, 0.0 ], [ 416208.8139, 4559642.4088, 0.0 ], [ 416209.4704, 4559642.12249999959, 0.0 ], [ 416210.547299999977, 4559641.6869, 0.0 ], [ 416211.4392, 4559641.4401, 0.0 ], [ 416213.5973, 4559640.8611, 0.0 ], [ 416219.0701, 4559639.2066, 0.0 ], [ 416219.1647, 4559639.18, 0.0 ], [ 416223.025499999989, 4559638.0661, 0.0 ], [ 416225.0213, 4559637.5367, 0.0 ], [ 416229.5332, 4559636.3287, 0.0 ], [ 416234.1168, 4559635.0043, 0.0 ], [ 416241.705499999982, 4559632.8235, 0.0 ], [ 416245.387926232477184, 4559631.78925845772028, 0.0 ], [ 416248.8137, 4559630.8271, 0.0 ], [ 416250.023, 4559630.4445, 0.0 ], [ 416250.6016, 4559631.275299999863, 0.0 ], [ 416261.7284, 4559627.938799999654, 0.0 ], [ 416265.730708267074078, 4559626.957600001245737, 0.0 ], [ 416265.8362, 4559627.279699999839, 0.0 ], [ 416276.39, 4559623.8232, 0.0 ], [ 416275.3972, 4559620.6145, 0.0 ], [ 416264.774286860076245, 4559624.167003091424704, 0.0 ], [ 416264.574199999974, 4559623.5832, 0.0 ], [ 416254.958099999989, 4559626.2504, 0.0 ], [ 416258.401, 4559620.0107, 0.0 ], [ 416260.0809, 4559616.9725, 0.0 ], [ 416260.803399999975, 4559616.001199999824, 0.0 ], [ 416261.1513, 4559616.701399999671, 0.0 ], [ 416262.640685844118707, 4559616.166941042989492, 0.0 ], [ 416261.236295513517689, 4559611.765382592566311, 0.0 ], [ 416259.101199999976, 4559612.2675, 0.0 ], [ 416260.0648, 4559614.9056, 0.0 ], [ 416259.247099999979, 4559616.0601, 0.0 ], [ 416256.636899999983, 4559620.615199999884, 0.0 ], [ 416253.0324, 4559626.663399999961, 0.0 ], [ 416249.3933, 4559627.571499999613, 0.0 ], [ 416244.529099999985, 4559628.731399999931, 0.0 ], [ 416245.065689682494849, 4559630.641932347789407, 0.0 ], [ 416244.488040247990284, 4559630.804170232266188, 0.0 ], [ 416243.621566096728202, 4559631.047527058981359, 0.0 ], [ 416234.6472, 4559633.4598, 0.0 ], [ 416228.239599999972, 4559635.217199999839, 0.0 ], [ 416226.2747, 4559635.80179999955, 0.0 ], [ 416225.7984, 4559634.013399999589, 0.0 ], [ 416224.9279, 4559629.8403, 0.0 ], [ 416224.0682, 4559626.230299999937, 0.0 ], [ 416221.5701, 4559621.60599999968, 0.0 ], [ 416224.2403, 4559620.889, 0.0 ], [ 416223.925763170991559, 4559619.181711501441896, 0.0 ], [ 416224.682519930007402, 4559618.950700499117374, 0.0 ], [ 416232.458085663209204, 4559617.291318196803331, 0.0 ], [ 416237.203741292818449, 4559616.223283612169325, 0.0 ], [ 416239.132389195321593, 4559615.473482046276331, 0.0 ], [ 416242.953463133482728, 4559614.895405956543982, 0.0 ], [ 416245.078431606525555, 4559614.432661247439682, 0.0 ], [ 416245.187295586278196, 4559614.412454802542925, 0.0 ], [ 416246.8187, 4559612.2473, 0.0 ], [ 416248.8724, 4559608.859299999662, 0.0 ], [ 416251.894099999976, 4559607.4051, 0.0 ], [ 416256.2285, 4559606.2269, 0.0 ], [ 416261.2731, 4559605.357099999674, 0.0 ], [ 416265.5776, 4559605.2411, 0.0 ], [ 416271.9436, 4559605.0526, 0.0 ], [ 416277.1693, 4559604.671699999832, 0.0 ], [ 416281.8457, 4559604.1261, 0.0 ], [ 416282.413037879276089, 4559605.386189160868526, 0.0 ], [ 416278.7504, 4559606.847299999557, 0.0 ], [ 416269.3531, 4559610.596099999733, 0.0 ], [ 416271.370799999975, 4559614.8271, 0.0 ], [ 416273.990594469418284, 4559614.021135016344488, 0.0 ], [ 416275.323905613913666, 4559618.199921218678355, 0.0 ], [ 416272.797197113279253, 4559619.006109532900155, 0.0 ], [ 416273.331098972819746, 4559620.60261569544673, 0.0 ], [ 416275.195, 4559619.9682, 0.0 ], [ 416288.440985551627818, 4559615.459666009992361, 0.0 ], [ 416283.928980700671673, 4559632.682362307794392, 0.0 ], [ 416303.276067562401295, 4559637.750915353186429, 0.0 ], [ 416308.112839277775493, 4559639.018053613603115, 0.0 ], [ 416312.186794574779924, 4559623.467428750358522, 0.0 ], [ 416313.814961451804265, 4559617.252580888569355, 0.0 ], [ 416301.723032163921744, 4559614.08473524171859, 0.0 ], [ 416306.538157548173331, 4559595.705002719536424, 0.0 ], [ 416306.791585200000554, 4559594.737648377195001, 0.0 ], [ 416318.883514490386005, 4559597.905494024977088, 0.0 ], [ 416319.753099999973, 4559593.039699999616, 0.0 ], [ 416318.8779, 4559588.811099999584, 0.0 ], [ 416316.4819, 4559588.811099999584, 0.0 ], [ 416311.012, 4559589.079, 0.0 ], [ 416309.798, 4559584.8765, 0.0 ], [ 416299.465299999982, 4559587.3397, 0.0 ], [ 416298.400499999989, 4559590.081, 0.0 ], [ 416291.5468, 4559594.223699999973, 0.0 ], [ 416287.4356, 4559595.388199999928, 0.0 ], [ 416282.5163, 4559597.158499999903, 0.0 ], [ 416277.2832, 4559599.312199999578, 0.0 ], [ 416272.4392, 4559600.6906, 0.0 ], [ 416267.6509, 4559601.4431, 0.0 ], [ 416262.629, 4559601.726099999622, 0.0 ], [ 416258.2296, 4559601.552199999802, 0.0 ], [ 416252.9563, 4559602.3902, 0.0 ], [ 416248.642799999972, 4559604.425599999726, 0.0 ], [ 416244.7649, 4559606.472799999639, 0.0 ], [ 416241.6041, 4559609.8512, 0.0 ], [ 416235.7784, 4559610.8233, 0.0 ], [ 416233.0138, 4559609.892, 0.0 ], [ 416228.163, 4559611.1261, 0.0 ], [ 416223.4767, 4559613.37249999959, 0.0 ], [ 416219.4537, 4559614.9148, 0.0 ], [ 416215.204299999983, 4559616.172, 0.0 ], [ 416210.7904, 4559617.296699999832, 0.0 ], [ 416202.3312, 4559619.4686, 0.0 ], [ 416198.666, 4559620.1505, 0.0 ], [ 416194.0188, 4559620.687, 0.0 ], [ 416189.587899999984, 4559621.4165, 0.0 ], [ 416185.7268, 4559622.2883, 0.0 ], [ 416181.5099, 4559623.534, 0.0 ], [ 416174.751899999974, 4559625.768699999899, 0.0 ], [ 416169.6705, 4559628.250599999912, 0.0 ], [ 416165.729, 4559630.239699999802, 0.0 ], [ 416162.5637, 4559631.8355, 0.0 ], [ 416159.957, 4559633.180499999784, 0.0 ], [ 416156.5994, 4559635.131699999794, 0.0 ], [ 416153.9255, 4559636.689699999988, 0.0 ], [ 416150.3359, 4559638.7658, 0.0 ], [ 416147.5151, 4559640.395399999805, 0.0 ], [ 416144.7401, 4559641.9956, 0.0 ], [ 416141.823, 4559643.7186, 0.0 ], [ 416138.4647, 4559645.7598, 0.0 ], [ 416134.5121, 4559647.9445, 0.0 ], [ 416133.4661, 4559647.9998, 0.0 ], [ 416132.619799999986, 4559647.538599999622, 0.0 ], [ 416132.003199999977, 4559646.6204, 0.0 ], [ 416132.0974, 4559645.830699999817, 0.0 ], [ 416131.8091, 4559645.7218, 0.0 ], [ 416129.6843, 4559646.416, 0.0 ], [ 416127.0002, 4559648.6216, 0.0 ], [ 416123.749699999986, 4559651.6424, 0.0 ], [ 416125.397699999972, 4559656.4219, 0.0 ], [ 416133.550899999973, 4559658.525299999863, 0.0 ], [ 416133.4687, 4559657.3622, 0.0 ], [ 416133.6719, 4559656.057, 0.0 ], [ 416136.1265, 4559654.699199999683, 0.0 ], [ 416139.7369, 4559652.6829, 0.0 ], [ 416142.030199999979, 4559651.3859, 0.0 ], [ 416145.3272, 4559649.487499999814, 0.0 ], [ 416147.6117, 4559648.1506, 0.0 ], [ 416149.4191, 4559647.076899999753, 0.0 ], [ 416150.3529, 4559646.6085, 0.0 ], [ 416151.9953, 4559646.225399999879, 0.0 ], [ 416154.630899999989, 4559645.713, 0.0 ], [ 416159.3057, 4559646.19699999969, 0.0 ], [ 416160.4917, 4559648.53809999954, 0.0 ], [ 416162.1143, 4559651.7651, 0.0 ], [ 416162.2762, 4559652.5663, 0.0 ], [ 416160.416199999978, 4559654.1716, 0.0 ], [ 416158.9132, 4559654.6331, 0.0 ], [ 416140.7088, 4559659.8382, 0.0 ], [ 416137.169799999974, 4559660.7663, 0.0 ], [ 416136.1157, 4559660.918399999849, 0.0 ], [ 416133.9079, 4559660.5283, 0.0 ], [ 416134.0489, 4559661.4764, 0.0 ], [ 416135.9537, 4559664.0581, 0.0 ], [ 416137.24, 4559668.2619, 0.0 ], [ 416145.4302, 4559665.9186, 0.0 ], [ 416167.2677, 4559658.3304, 0.0 ], [ 416170.712880010716617, 4559658.586495700292289, 0.0 ], [ 416176.0539, 4559659.8612, 0.0 ], [ 416178.0047, 4559661.1951, 0.0 ], [ 416182.2208, 4559666.1672, 0.0 ], [ 416184.3703, 4559669.387, 0.0 ], [ 416186.42, 4559673.1922, 0.0 ], [ 416186.816899999976, 4559674.426199999638, 0.0 ], [ 416186.2204, 4559679.273599999957, 0.0 ], [ 416185.901284176390618, 4559682.022163303568959, 0.0 ], [ 416182.468048623588402, 4559686.406128549948335, 0.0 ], [ 416178.228267761180177, 4559691.818887115456164, 0.0 ], [ 416175.291287095518783, 4559695.533436186611652, 0.0 ], [ 416169.262810414016712, 4559703.260330139659345, 0.0 ], [ 416169.211259819625411, 4559703.3310876339674, 0.0 ], [ 416162.849420553597156, 4559701.668307737447321, 0.0 ], [ 416163.9042, 4559698.5312, 0.0 ], [ 416165.287, 4559694.5411, 0.0 ], [ 416166.411, 4559693.746199999936, 0.0 ], [ 416168.6437, 4559692.43769999966, 0.0 ], [ 416169.7159, 4559692.251, 0.0 ], [ 416170.188659537408967, 4559692.185009323991835, 0.0 ], [ 416169.628594310604967, 4559691.44227708876133, 0.0 ], [ 416169.84781153628137, 4559689.831220547668636, 0.0 ], [ 416169.2135, 4559689.28, 0.0 ], [ 416168.4584, 4559688.5777, 0.0 ], [ 416168.491199999989, 4559687.9987, 0.0 ], [ 416169.492, 4559685.9034, 0.0 ], [ 416170.776599999983, 4559684.8457, 0.0 ], [ 416175.774099999981, 4559681.7005, 0.0 ], [ 416177.486744558205828, 4559680.62715664319694, 0.0 ], [ 416179.199389116896782, 4559679.553813285194337, 0.0 ], [ 416178.516996090125758, 4559678.484512086026371, 0.0 ], [ 416174.7684, 4559680.8068, 0.0 ], [ 416169.6543, 4559684.0289, 0.0 ], [ 416166.9687, 4559684.127399999648, 0.0 ], [ 416163.316899999976, 4559684.221599999815, 0.0 ], [ 416160.1277, 4559684.241499999538, 0.0 ], [ 416156.346299999976, 4559684.22829999961, 0.0 ], [ 416153.1732, 4559684.3425, 0.0 ], [ 416150.362399999984, 4559684.28699999955, 0.0 ], [ 416152.282499999972, 4559682.939799999818, 0.0 ], [ 416156.3252, 4559680.274299999699, 0.0 ], [ 416159.8508, 4559678.1134, 0.0 ], [ 416166.0935, 4559674.206399999559, 0.0 ], [ 416169.138056655181572, 4559672.299943845719099, 0.0 ], [ 416168.477343118924182, 4559671.291862561367452, 0.0 ], [ 416164.9846, 4559673.4616, 0.0 ], [ 416159.7664, 4559676.678199999966, 0.0 ], [ 416155.334299999988, 4559679.4981, 0.0 ], [ 416151.9107, 4559681.771099999547, 0.0 ], [ 416147.9687, 4559684.222299999557, 0.0 ], [ 416148.2873, 4559683.68099999987, 0.0 ], [ 416151.2468, 4559677.6801, 0.0 ], [ 416153.075174701982178, 4559671.74527985882014, 0.0 ], [ 416152.061087562819012, 4559671.302986614406109, 0.0 ], [ 416151.0688, 4559674.2389, 0.0 ], [ 416150.1034, 4559677.297799999826, 0.0 ], [ 416146.7918, 4559683.8448, 0.0 ], [ 416147.772, 4559686.7503, 0.0 ], [ 416148.8221, 4559685.66309999954, 0.0 ], [ 416150.357499999984, 4559685.5377, 0.0 ], [ 416154.8288, 4559685.4742, 0.0 ], [ 416158.93, 4559685.4926, 0.0 ], [ 416162.868299999973, 4559685.3563, 0.0 ], [ 416166.689399999974, 4559685.3125, 0.0 ], [ 416168.4253, 4559685.32699999958, 0.0 ], [ 416167.4999, 4559687.700199999847, 0.0 ], [ 416166.4205, 4559690.337199999951, 0.0 ], [ 416164.9105, 4559693.699, 0.0 ], [ 416162.9808, 4559698.2274, 0.0 ], [ 416161.7109, 4559701.2976, 0.0 ], [ 416158.4895, 4559700.4938, 0.0 ], [ 416156.912499999977, 4559700.1387, 0.0 ], [ 416155.925972936209291, 4559700.07292250636965, 0.0 ], [ 416151.254176553280558, 4559700.168684217147529, 0.0 ], [ 416152.4472, 4559695.384899999946, 0.0 ], [ 416147.772, 4559686.7503, 0.0 ], [ 416139.472599999979, 4559691.143099999987, 0.0 ], [ 416137.7878, 4559691.630099999718, 0.0 ], [ 416136.7512, 4559691.485299999826, 0.0 ], [ 416135.8905, 4559691.455199999735, 0.0 ], [ 416135.42, 4559690.9708, 0.0 ], [ 416132.042499999981, 4559690.099899999797, 0.0 ], [ 416132.1405, 4559689.420099999756, 0.0 ], [ 416131.091161086573265, 4559689.221631821244955, 0.0 ], [ 416131.091161086573265, 4559689.221631821244955, 0.0 ], [ 416129.320621648919769, 4559688.886758374981582, 0.0 ], [ 416129.222499999974, 4559688.8682, 0.0 ], [ 416128.90991170948837, 4559688.626130616292357, 0.0 ], [ 416128.635719942976721, 4559688.413795624859631, 0.0 ], [ 416128.371014659176581, 4559688.208806996233761, 0.0 ], [ 416128.371014656615444, 4559688.208807011134923, 0.0 ], [ 416127.844615371024702, 4559687.737289047800004, 0.0 ], [ 416126.9684, 4559686.9314, 0.0 ], [ 416125.0164, 4559684.83899999969, 0.0 ], [ 416123.4258, 4559685.342699999921, 0.0 ], [ 416121.083441034308635, 4559685.956987095065415, 0.0 ], [ 416120.493499999982, 4559686.1117, 0.0 ], [ 416120.4141, 4559685.9926, 0.0 ], [ 416121.0909, 4559683.164699999616, 0.0 ], [ 416122.293, 4559677.9926, 0.0 ], [ 416123.409978164883796, 4559672.065021178685129, 0.0 ], [ 416119.421425306820311, 4559672.837973508052528, 0.0 ], [ 416115.514, 4559673.277599999681, 0.0 ], [ 416112.078638708917424, 4559674.03256915230304, 0.0 ], [ 416113.0871, 4559677.849499999546, 0.0 ], [ 416113.4759, 4559679.3934, 0.0 ], [ 416114.2871, 4559681.9899, 0.0 ], [ 416113.771699999983, 4559684.0307, 0.0 ], [ 416114.2037, 4559684.1546, 0.0 ], [ 416113.945499999973, 4559685.2016, 0.0 ], [ 416113.5666, 4559685.099399999715, 0.0 ], [ 416113.3114, 4559686.2641, 0.0 ], [ 416113.794899999979, 4559686.41299999971, 0.0 ], [ 416113.554, 4559687.5109, 0.0 ], [ 416112.983799999987, 4559687.4186, 0.0 ], [ 416112.0297, 4559691.529299999587, 0.0 ], [ 416112.572381068312097, 4559691.644869333133101, 0.0 ], [ 416112.1046, 4559693.7399, 0.0 ], [ 416111.665, 4559695.1467, 0.0 ], [ 416111.223799999978, 4559695.0263, 0.0 ], [ 416110.403799999971, 4559698.609, 0.0 ], [ 416110.8356, 4559698.716199999675, 0.0 ], [ 416110.624699999986, 4559699.640499999747, 0.0 ], [ 416110.2748, 4559699.582299999893, 0.0 ], [ 416110.0341, 4559700.61699999962, 0.0 ], [ 416110.015728762897197, 4559700.729775265790522, 0.0 ], [ 416113.116854946420062, 4559701.47961934376508, 0.0 ], [ 416112.8552, 4559702.5262, 0.0 ], [ 416114.67500837019179, 4559702.966224832460284, 0.0 ], [ 416113.781372395111248, 4559706.662030404433608, 0.0 ], [ 416113.31960801378591, 4559706.55037700291723, 0.0 ], [ 416112.5592, 4559708.3265, 0.0 ], [ 416109.68, 4559713.1935, 0.0 ], [ 416106.172399999981, 4559715.6786, 0.0 ], [ 416107.946799999976, 4559717.362099999562, 0.0 ], [ 416108.066, 4559717.7328, 0.0 ], [ 416108.0293, 4559718.195299999788, 0.0 ], [ 416106.9716, 4559721.6907, 0.0 ], [ 416105.771699999983, 4559725.3755, 0.0 ], [ 416104.153797996928915, 4559729.724719258025289, 0.0 ], [ 416102.974599999608472, 4559729.206399999559, 0.0 ], [ 416099.388099999982, 4559731.615699999966, 0.0 ], [ 416101.275299999979, 4559735.083899999969, 0.0 ], [ 416102.0024, 4559736.342899999581, 0.0 ], [ 416102.2759, 4559739.402099999599, 0.0 ], [ 416102.3789, 4559743.6984, 0.0 ], [ 416102.002199999988, 4559751.2324, 0.0 ], [ 416101.940148558816873, 4559751.310819503851235, 0.0 ], [ 416097.294838437985163, 4559747.63509887829423, 0.0 ], [ 416085.619689609913621, 4559738.574528380297124, 0.0 ], [ 416073.923612733080518, 4559727.232215310446918, 0.0 ], [ 416074.566159354813863, 4559726.18675977177918, 0.0 ], [ 416077.5089, 4559721.0795, 0.0 ], [ 416077.803863145993091, 4559720.573422525078058, 0.0 ], [ 416073.432299999986, 4559718.5339, 0.0 ], [ 416073.549062816600781, 4559718.302231590263546, 0.0 ], [ 416073.174799999979, 4559718.113599999808, 0.0 ], [ 416067.083970697771292, 4559714.860573795624077, 0.0 ], [ 416066.41283169738017, 4559716.084901749156415, 0.0 ], [ 416072.518, 4559719.6096, 0.0 ], [ 416071.1093, 4559722.136, 0.0 ], [ 416064.934599999979, 4559718.6604, 0.0 ], [ 416065.740366097481456, 4559717.133012425154448, 0.0 ], [ 416064.723239752522204, 4559716.436627509072423, 0.0 ], [ 416063.403024207684211, 4559715.53272988833487, 0.0 ], [ 416063.4502, 4559715.4763, 0.0 ], [ 416067.5807, 4559710.375, 0.0 ], [ 416067.613, 4559710.4079, 0.0 ], [ 416071.2135, 4559712.360299999826, 0.0 ], [ 416070.753165790287312, 4559713.373804988339543, 0.0 ], [ 416072.533865677192807, 4559714.324851734563708, 0.0 ], [ 416074.0161, 4559711.338499999605, 0.0 ], [ 416069.210299999977, 4559708.956699999981, 0.0 ], [ 416070.4123, 4559708.153199999593, 0.0 ], [ 416072.1706, 4559708.0685, 0.0 ], [ 416074.1511, 4559704.8979, 0.0 ], [ 416074.3464, 4559703.63499999978, 0.0 ], [ 416077.1305, 4559700.0564, 0.0 ], [ 416080.2146, 4559695.9945, 0.0 ], [ 416080.7955, 4559695.347, 0.0 ], [ 416083.851199999976, 4559690.8644, 0.0 ], [ 416088.363399999973, 4559686.248599999584, 0.0 ], [ 416092.808, 4559681.7423, 0.0 ], [ 416095.676099999982, 4559678.977, 0.0 ], [ 416099.0812, 4559676.7719, 0.0 ], [ 416104.449, 4559675.542899999768, 0.0 ], [ 416110.9304, 4559674.012199999765, 0.0 ], [ 416115.5248, 4559673.194199999794, 0.0 ], [ 416122.8327, 4559672.0717, 0.0 ], [ 416127.8738, 4559671.04629999958, 0.0 ], [ 416133.309599999979, 4559669.602199999616, 0.0 ], [ 416137.24, 4559668.2619, 0.0 ], [ 416135.9537, 4559664.0581, 0.0 ], [ 416134.0489, 4559661.4764, 0.0 ], [ 416133.9079, 4559660.5283, 0.0 ], [ 416133.5839, 4559658.984799999744, 0.0 ], [ 416133.550899999973, 4559658.525299999863, 0.0 ], [ 416125.397699999972, 4559656.4219, 0.0 ], [ 416123.749699999986, 4559651.6424, 0.0 ], [ 416127.0002, 4559648.6216, 0.0 ], [ 416129.6843, 4559646.416, 0.0 ], [ 416131.8091, 4559645.7218, 0.0 ], [ 416133.9245, 4559643.9148, 0.0 ], [ 416138.3564, 4559639.908499999903, 0.0 ], [ 416139.6911, 4559636.263299999759, 0.0 ], [ 416139.9644, 4559633.08899999969, 0.0 ], [ 416141.732399999979, 4559628.8046, 0.0 ], [ 416137.2824, 4559630.1441, 0.0 ], [ 416131.0039, 4559631.371399999596, 0.0 ], [ 416123.2322, 4559633.6221, 0.0 ], [ 416124.629, 4559638.9665, 0.0 ], [ 416124.914899999974, 4559640.6205, 0.0 ], [ 416123.0111, 4559643.098199999891, 0.0 ], [ 416117.102499999979, 4559651.31549999956, 0.0 ], [ 416113.6312, 4559654.4055, 0.0 ], [ 416111.6667, 4559652.398699999787, 0.0 ], [ 416106.379, 4559652.4073, 0.0 ], [ 416101.737499999988, 4559651.9785, 0.0 ], [ 416097.9656, 4559652.50499999989, 0.0 ], [ 416092.2747, 4559654.023299999535, 0.0 ], [ 416089.1105, 4559656.08, 0.0 ], [ 416085.9227, 4559659.301199999638, 0.0 ], [ 416084.6249, 4559661.91299999971, 0.0 ], [ 416083.201, 4559667.068699999712, 0.0 ], [ 416082.781499999983, 4559671.03, 0.0 ], [ 416082.773899999971, 4559674.756599999964, 0.0 ], [ 416081.6289, 4559681.829699999653, 0.0 ], [ 416079.472, 4559687.0305, 0.0 ], [ 416075.773899999971, 4559693.314199999906, 0.0 ], [ 416072.607, 4559696.89499999955, 0.0 ], [ 416071.4501, 4559695.697599999607, 0.0 ], [ 416067.8349, 4559693.64099999983, 0.0 ], [ 416065.9537, 4559695.5908, 0.0 ], [ 416062.35, 4559699.939699999988, 0.0 ], [ 416061.789899999974, 4559700.428199999966, 0.0 ], [ 416061.0959, 4559700.80709999986, 0.0 ], [ 416060.3798, 4559700.9364, 0.0 ], [ 416058.9561, 4559700.699599999934, 0.0 ], [ 416056.946899999981, 4559699.990699999966, 0.0 ], [ 416053.1768, 4559698.1791, 0.0 ], [ 416049.170499999775, 4559696.6412, 0.0 ], [ 416049.144699999771547, 4559696.5871, 0.0 ], [ 416051.618699999817181, 4559690.41399999987, 0.0 ], [ 416055.252699999778997, 4559679.4292, 0.0 ], [ 416054.403499999782071, 4559678.643699999899, 0.0 ], [ 416055.167299999797251, 4559674.118599999696, 0.0 ], [ 416055.545599999779, 4559671.326299999841, 0.0 ], [ 416055.8803, 4559666.197499999776, 0.0 ], [ 416052.8041, 4559662.836199999787, 0.0 ], [ 416047.5848, 4559661.7877, 0.0 ], [ 416041.7293, 4559660.8209, 0.0 ], [ 416035.367199999979, 4559659.9577, 0.0 ], [ 416024.737199999974, 4559663.2022, 0.0 ], [ 416021.990871839516331, 4559664.283203075639904, 0.0 ], [ 416021.003499999816995, 4559664.6718499995768, 0.0 ], [ 416017.269799999776296, 4559666.141499999911, 0.0 ], [ 416012.770299999800045, 4559667.6906, 0.0 ], [ 416010.126099999819417, 4559668.4763, 0.0 ], [ 416010.803399999800604, 4559671.3853, 0.0 ], [ 416009.684399999911, 4559671.74469999969, 0.0 ], [ 416011.882499999774154, 4559674.4296, 0.0 ], [ 416015.782899999816436, 4559677.8547, 0.0 ], [ 416021.138699999778, 4559682.8881, 0.0 ], [ 416025.192099999811035, 4559686.484799999744, 0.0 ], [ 416031.197699999785982, 4559691.898299999535, 0.0 ], [ 416035.142399999778718, 4559695.670599999838, 0.0 ], [ 416039.942399999825284, 4559699.6741, 0.0 ], [ 416043.011299999780022, 4559702.761099999771, 0.0 ], [ 416040.533799999800976, 4559706.217299999669, 0.0 ], [ 416036.336899999820162, 4559711.9626, 0.0 ], [ 416031.272999999811873, 4559719.037299999967, 0.0 ], [ 416027.437199999811128, 4559724.213, 0.0 ], [ 416023.797799999825656, 4559729.18099999987, 0.0 ], [ 416020.248899999773, 4559733.9758, 0.0 ], [ 416017.350399999821093, 4559737.829, 0.0 ], [ 416013.897499999788124, 4559742.5082, 0.0 ], [ 416006.053799999819603, 4559753.006099999882, 0.0 ], [ 416009.623499999987, 4559756.220599999651, 0.0 ], [ 416013.578606472001411, 4559750.654491942375898, 0.0 ], [ 416014.6495, 4559749.1474, 0.0 ], [ 416016.201337474922184, 4559747.027634897269309, 0.0 ], [ 416016.810139524110127, 4559746.196028907783329, 0.0 ], [ 416018.239690798684023, 4559744.243303217925131, 0.0 ], [ 416019.113334852911066, 4559743.049930710345507, 0.0 ], [ 416019.4895, 4559742.5361, 0.0 ], [ 416019.882919656403828, 4559741.897017320618033, 0.0 ], [ 416021.0245, 4559740.0426, 0.0 ], [ 416021.742354517104104, 4559740.526311190798879, 0.0 ], [ 416023.396081763377879, 4559741.640640564262867, 0.0 ], [ 416032.3508, 4559747.658699999563, 0.0 ], [ 416031.5299, 4559748.6079, 0.0 ], [ 416027.8914, 4559752.987099999562, 0.0 ], [ 416025.0797, 4559756.285, 0.0 ], [ 416022.8752, 4559758.7318, 0.0 ], [ 416019.6267, 4559762.3535, 0.0 ], [ 416010.9143, 4559771.324099999852, 0.0 ], [ 416007.3137, 4559774.9132, 0.0 ], [ 416002.7214, 4559779.409, 0.0 ], [ 416000.4564, 4559781.6254, 0.0 ], [ 415995.6401, 4559786.061599999666, 0.0 ], [ 415993.946699999971, 4559786.605299999937, 0.0 ], [ 415992.614, 4559786.039699999616, 0.0 ], [ 415993.2805, 4559784.148199999705, 0.0 ], [ 415994.0493, 4559781.442499999888, 0.0 ], [ 415994.9864, 4559778.2695, 0.0 ], [ 415994.8064, 4559775.23699999973, 0.0 ], [ 415991.169799999974, 4559774.534599999897, 0.0 ], [ 415991.092699999979, 4559777.3868, 0.0 ], [ 415989.6114, 4559782.8009, 0.0 ], [ 415987.813199999975, 4559786.6348, 0.0 ], [ 415982.9724, 4559799.586199999787, 0.0 ], [ 415981.099899999972, 4559799.7421, 0.0 ], [ 415979.4895, 4559797.2126, 0.0 ], [ 415978.7257, 4559794.3601, 0.0 ], [ 415978.9044, 4559790.640399999917, 0.0 ], [ 415979.7996, 4559787.029099999927, 0.0 ], [ 415980.7955, 4559783.856399999931, 0.0 ], [ 415982.1707, 4559779.735299999826, 0.0 ], [ 415983.2919, 4559776.2136, 0.0 ], [ 415984.230173490184825, 4559770.754800968803465, 0.0 ], [ 415980.1497, 4559768.069099999964, 0.0 ], [ 415979.3348, 4559775.3705, 0.0 ], [ 415978.949499999988, 4559778.6528, 0.0 ], [ 415978.0863, 4559781.538399999961, 0.0 ], [ 415976.7578, 4559784.7604, 0.0 ], [ 415975.411299999978, 4559788.025899999775, 0.0 ], [ 415974.4667, 4559791.281299999915, 0.0 ], [ 415974.1755, 4559794.7823, 0.0 ], [ 415975.0251, 4559798.7401, 0.0 ], [ 415976.9006, 4559802.500599999912, 0.0 ], [ 415979.6457, 4559805.023699999787, 0.0 ], [ 415982.2587, 4559807.370699999854, 0.0 ], [ 415984.306099999987, 4559810.68489999976, 0.0 ], [ 415983.9635, 4559813.511199999601, 0.0 ], [ 415983.6889, 4559817.951799999923, 0.0 ], [ 415982.6462, 4559822.4512, 0.0 ], [ 415981.442, 4559826.6326, 0.0 ], [ 415979.6371, 4559830.6176, 0.0 ], [ 415977.239899999986, 4559834.6171, 0.0 ], [ 415974.576599999971, 4559838.0367, 0.0 ], [ 415971.8283, 4559840.7818, 0.0 ], [ 415969.117, 4559842.576899999753, 0.0 ], [ 415966.160199999984, 4559844.6347, 0.0 ], [ 415963.0008, 4559846.8792, 0.0 ], [ 415959.588899999973, 4559849.5065, 0.0 ], [ 415957.6495, 4559852.81099999975, 0.0 ], [ 415956.511699999974, 4559856.336299999617, 0.0 ], [ 415956.3838, 4559859.593299999833, 0.0 ], [ 415956.065, 4559864.1299, 0.0 ], [ 415954.591299999971, 4559865.527599999681, 0.0 ], [ 415951.27, 4559867.124099999666, 0.0 ], [ 415948.0648, 4559868.6716, 0.0 ], [ 415941.4121, 4559870.471, 0.0 ], [ 415938.767799999972, 4559866.2039, 0.0 ], [ 415933.9748, 4559858.506099999882, 0.0 ], [ 415921.7866, 4559866.275, 0.0 ], [ 415926.375, 4559873.916299999692, 0.0 ], [ 415928.178312437783461, 4559876.947579029016197, 0.0 ], [ 415920.5356, 4559881.6221, 0.0 ], [ 415914.4047, 4559883.98639999982, 0.0 ], [ 415908.6305, 4559887.297299999744, 0.0 ], [ 415903.857499999984, 4559891.6886, 0.0 ], [ 415898.710299999977, 4559894.490299999714, 0.0 ], [ 415892.064499999979, 4559897.7669, 0.0 ], [ 415887.753299999982, 4559900.0525, 0.0 ], [ 415882.2513, 4559902.9504, 0.0 ], [ 415877.6842, 4559905.39, 0.0 ], [ 415873.092899999989, 4559907.9276, 0.0 ], [ 415868.6979, 4559910.5219, 0.0 ], [ 415863.7547, 4559913.3923, 0.0 ], [ 415861.960274987388402, 4559914.670003479346633, 0.0 ], [ 415857.2555, 4559915.3277, 0.0 ], [ 415853.353699999978, 4559915.779199999757, 0.0 ], [ 415848.726399999985, 4559916.3568, 0.0 ], [ 415844.1499, 4559917.10699999984, 0.0 ], [ 415839.727399999974, 4559917.7511, 0.0 ], [ 415829.633099999977, 4559919.076, 0.0 ], [ 415823.8739, 4559919.674399999902, 0.0 ], [ 415815.8972, 4559920.633799999952, 0.0 ], [ 415808.916299999983, 4559921.415199999698, 0.0 ], [ 415800.195699999982, 4559922.2088, 0.0 ], [ 415793.8118, 4559922.5634, 0.0 ], [ 415786.8873, 4559922.990899999626, 0.0 ], [ 415782.366199999989, 4559923.3074, 0.0 ], [ 415777.5637, 4559923.169499999844, 0.0 ], [ 415774.032499999972, 4559922.858099999838, 0.0 ], [ 415772.5612, 4559922.7174, 0.0 ], [ 415765.358799999987, 4559921.9707, 0.0 ], [ 415759.858599999978, 4559921.3722, 0.0 ], [ 415753.6385, 4559920.876299999654, 0.0 ], [ 415748.1103, 4559920.909, 0.0 ], [ 415741.4132, 4559921.761599999852, 0.0 ], [ 415738.5575, 4559922.4598, 0.0 ], [ 415732.9558, 4559924.4172, 0.0 ], [ 415729.309799999988, 4559926.0865, 0.0 ], [ 415723.9717, 4559928.9194, 0.0 ], [ 415722.139399999985, 4559930.1501, 0.0 ], [ 415720.842699999979, 4559931.103699999861, 0.0 ], [ 415719.468899999978, 4559931.8426, 0.0 ], [ 415717.5257, 4559932.3393, 0.0 ], [ 415716.4037, 4559932.2745, 0.0 ], [ 415715.3495, 4559932.059, 0.0 ], [ 415714.9361, 4559931.2218, 0.0 ], [ 415714.8836, 4559928.7766, 0.0 ], [ 415708.140699999989, 4559921.374599999748, 0.0 ], [ 415703.9773, 4559921.637099999934, 0.0 ], [ 415700.2758, 4559921.769799999893, 0.0 ], [ 415699.388, 4559924.7657, 0.0 ], [ 415698.8552, 4559925.651499999687, 0.0 ], [ 415698.2943, 4559925.92679999955, 0.0 ], [ 415696.322, 4559926.51499999966, 0.0 ], [ 415695.561899999972, 4559926.5448, 0.0 ], [ 415695.151599999983, 4559926.121899999678, 0.0 ], [ 415694.922499999986, 4559925.389299999923, 0.0 ], [ 415694.6155, 4559922.941399999894, 0.0 ], [ 415690.4582, 4559924.162299999967, 0.0 ], [ 415689.0918, 4559926.4829, 0.0 ], [ 415688.657499999972, 4559926.82, 0.0 ], [ 415688.174, 4559927.0322, 0.0 ], [ 415684.721299999976, 4559927.8507, 0.0 ], [ 415684.375899999985, 4559926.795, 0.0 ], [ 415679.727399999974, 4559927.92949999962, 0.0 ], [ 415679.8828, 4559928.960699999705, 0.0 ], [ 415679.694499999983, 4559929.514899999835, 0.0 ], [ 415679.0173, 4559930.329099999741, 0.0 ], [ 415678.0446, 4559930.6913, 0.0 ], [ 415677.4416, 4559930.6627, 0.0 ], [ 415676.9557, 4559930.4506, 0.0 ], [ 415676.1681, 4559929.9166, 0.0 ], [ 415675.623399999982, 4559931.2224, 0.0 ], [ 415675.3469, 4559932.6452, 0.0 ], [ 415675.1102, 4559932.9378, 0.0 ], [ 415674.8603, 4559933.1028, 0.0 ], [ 415674.508299999987, 4559933.2158, 0.0 ], [ 415674.5299, 4559932.762299999595, 0.0 ], [ 415673.906299999973, 4559932.540699999779, 0.0 ], [ 415668.726399999985, 4559933.444699999876, 0.0 ], [ 415668.993399999978, 4559934.9078, 0.0 ], [ 415669.7541, 4559936.3185, 0.0 ], [ 415668.353, 4559936.867899999954, 0.0 ], [ 415667.167399999977, 4559936.1796, 0.0 ], [ 415664.2159, 4559936.9312, 0.0 ], [ 415660.7033, 4559938.023599999957, 0.0 ], [ 415658.5763, 4559931.101599999703, 0.0 ], [ 415653.718899999978, 4559936.4504, 0.0 ], [ 415653.448199999984, 4559940.416699999943, 0.0 ], [ 415651.4432, 4559942.1715, 0.0 ], [ 415646.704, 4559942.933699999936, 0.0 ], [ 415647.717899999989, 4559945.982099999674, 0.0 ], [ 415649.8393, 4559947.3316, 0.0 ], [ 415650.199299999978, 4559948.8547, 0.0 ], [ 415646.564714351086877, 4559954.108980901539326, 0.0 ], [ 415646.103762379323598, 4559954.065968005917966, 0.0 ], [ 415645.7359, 4559954.3112, 0.0 ], [ 415641.718, 4559954.0821, 0.0 ], [ 415640.8592, 4559955.081699999981, 0.0 ], [ 415639.6618, 4559955.9819, 0.0 ], [ 415638.6959, 4559956.3607, 0.0 ], [ 415637.4439, 4559956.3041, 0.0 ], [ 415635.797, 4559956.4375, 0.0 ], [ 415634.878299999982, 4559956.833599999547, 0.0 ], [ 415633.725199999986, 4559957.1357, 0.0 ], [ 415632.7013, 4559957.281899999827, 0.0 ], [ 415631.7648, 4559957.8025, 0.0 ], [ 415630.9269, 4559958.149899999611, 0.0 ], [ 415630.0025, 4559958.1895, 0.0 ], [ 415629.1399, 4559957.7729, 0.0 ], [ 415628.5347, 4559957.119, 0.0 ], [ 415628.1744, 4559956.292299999855, 0.0 ], [ 415628.4364, 4559955.1452, 0.0 ], [ 415628.097699999984, 4559955.031399999745, 0.0 ], [ 415628.8975, 4559951.24899999984, 0.0 ], [ 415630.667499999981, 4559948.331699999981, 0.0 ], [ 415629.1266, 4559947.394299999811, 0.0 ], [ 415626.9621, 4559950.894799999893, 0.0 ], [ 415626.089, 4559954.581399999559, 0.0 ], [ 415624.8543, 4559954.282499999739, 0.0 ], [ 415623.315699999977, 4559957.831299999729, 0.0 ], [ 415622.033025741984602, 4559958.800261948257685, 0.0 ], [ 415621.075979482615367, 4559959.524439514614642, 0.0 ], [ 415615.5729, 4559963.772099999711, 0.0 ], [ 415616.475685225101188, 4559964.896802289411426, 0.0 ], [ 415614.118499999982, 4559966.6902, 0.0 ], [ 415616.466064606618602, 4559969.757039699703455, 0.0 ], [ 415614.807099999976, 4559971.080799999647, 0.0 ], [ 415617.3162, 4559974.239599999972, 0.0 ], [ 415618.944693129276857, 4559972.966329005546868, 0.0 ], [ 415621.2992, 4559975.950799999759, 0.0 ], [ 415623.744915634626523, 4559974.020395133644342, 0.0 ], [ 415622.999699999986, 4559973.1232, 0.0 ], [ 415625.598699999973, 4559971.1261, 0.0 ], [ 415628.448991157696582, 4559968.950183641165495, 0.0 ], [ 415629.515699999989, 4559968.3662, 0.0 ], [ 415630.7508, 4559968.9161, 0.0 ], [ 415633.319599999988, 4559969.4674, 0.0 ], [ 415636.5004, 4559969.4495, 0.0 ], [ 415639.6213, 4559969.25569999963, 0.0 ], [ 415643.0967, 4559969.16899999976, 0.0 ], [ 415646.134299999976, 4559969.1117, 0.0 ], [ 415649.7677, 4559968.9619, 0.0 ], [ 415652.555799999973, 4559968.5887, 0.0 ], [ 415654.2221, 4559968.4718, 0.0 ], [ 415655.929899999988, 4559967.4324, 0.0 ], [ 415653.3712, 4559963.9808, 0.0 ], [ 415654.0404, 4559963.418899999931, 0.0 ], [ 415653.832, 4559962.378299999982, 0.0 ], [ 415653.5857, 4559961.910199999809, 0.0 ], [ 415653.2343, 4559961.208899999969, 0.0 ], [ 415653.1585, 4559961.110899999738, 0.0 ], [ 415660.1298, 4559958.5668, 0.0 ], [ 415665.0501, 4559956.770499999635, 0.0 ], [ 415670.805799999973, 4559954.7103, 0.0 ], [ 415675.7664, 4559952.835799999535, 0.0 ], [ 415679.1862, 4559951.639, 0.0 ], [ 415679.212004969420377, 4559951.629969242028892, 0.0 ], [ 415679.4416, 4559952.245799999684, 0.0 ], [ 415690.2199, 4559948.3726, 0.0 ], [ 415692.2576, 4559947.9226, 0.0 ], [ 415693.2025, 4559947.9083, 0.0 ], [ 415694.7294, 4559948.291699999943, 0.0 ], [ 415697.206599999976, 4559949.4127, 0.0 ], [ 415698.437, 4559950.281499999575, 0.0 ], [ 415696.7144, 4559955.8596, 0.0 ], [ 415696.429523905972019, 4559956.582672630436718, 0.0 ], [ 415695.152899999986, 4559959.82299999986, 0.0 ], [ 415692.4306, 4559964.000799999572, 0.0 ], [ 415689.3763, 4559966.7663, 0.0 ], [ 415683.916199999978, 4559971.019, 0.0 ], [ 415679.631899999978, 4559974.109699999914, 0.0 ], [ 415674.614699999976, 4559976.958899999969, 0.0 ], [ 415670.4859, 4559978.906, 0.0 ], [ 415664.8774, 4559979.899299999699, 0.0 ], [ 415659.9842, 4559980.7756, 0.0 ], [ 415652.8275, 4559982.305499999784, 0.0 ], [ 415649.043, 4559984.334099999629, 0.0 ], [ 415643.661, 4559986.2723, 0.0 ], [ 415639.5305, 4559988.2127, 0.0 ], [ 415634.2502, 4559991.9681, 0.0 ], [ 415631.6989, 4559993.587, 0.0 ], [ 415626.5663, 4559996.0411, 0.0 ], [ 415623.1997, 4559997.4828, 0.0 ], [ 415620.4706, 4560000.635599999689, 0.0 ], [ 415617.8152, 4560004.347199999727, 0.0 ], [ 415613.6143, 4560011.018, 0.0 ], [ 415612.054799999984, 4560015.586799999699, 0.0 ], [ 415609.2596, 4560020.9362, 0.0 ], [ 415607.7232, 4560025.404699999839, 0.0 ], [ 415605.315799999982, 4560031.8382, 0.0 ], [ 415604.1545, 4560035.644799999893, 0.0 ], [ 415602.3137, 4560042.305, 0.0 ], [ 415602.689499999979, 4560046.7936, 0.0 ], [ 415602.8493, 4560054.5958, 0.0 ], [ 415603.6917, 4560059.3623, 0.0 ], [ 415605.7696, 4560065.7339, 0.0 ], [ 415608.0824, 4560068.9062, 0.0 ], [ 415612.0936, 4560075.098899999633, 0.0 ], [ 415615.7819, 4560077.9653, 0.0 ], [ 415623.0062, 4560081.1985, 0.0 ], [ 415626.7941, 4560082.518699999899, 0.0 ], [ 415633.0246, 4560083.20199999958, 0.0 ], [ 415639.977399999974, 4560083.427199999802, 0.0 ], [ 415644.3716, 4560082.6633, 0.0 ], [ 415651.5321, 4560079.943699999712, 0.0 ], [ 415655.985, 4560078.5283, 0.0 ], [ 415664.2769, 4560076.8941, 0.0 ], [ 415667.759199999971, 4560075.513299999759, 0.0 ], [ 415672.3287, 4560074.750699999742, 0.0 ], [ 415677.269, 4560075.349, 0.0 ], [ 415680.9291, 4560077.3694, 0.0 ], [ 415684.1107, 4560080.481599999592, 0.0 ], [ 415686.9426, 4560083.034799999557, 0.0 ], [ 415686.776, 4560087.797299999744, 0.0 ], [ 415686.5825, 4560090.954099999741, 0.0 ], [ 415686.2768, 4560095.516099999659, 0.0 ], [ 415685.565599999973, 4560099.414099999703, 0.0 ], [ 415684.2886, 4560102.938799999654, 0.0 ], [ 415682.370799999975, 4560105.851099999622, 0.0 ], [ 415679.5562, 4560108.5727, 0.0 ], [ 415676.4833, 4560110.2988, 0.0 ], [ 415672.5529, 4560111.7581, 0.0 ], [ 415670.5025, 4560112.5493, 0.0 ], [ 415668.8264, 4560113.1363, 0.0 ], [ 415665.5335, 4560113.9796, 0.0 ], [ 415660.0894, 4560115.2465, 0.0 ], [ 415654.8128, 4560116.3382, 0.0 ], [ 415649.4425, 4560117.4643, 0.0 ], [ 415643.6292, 4560118.4489, 0.0 ], [ 415638.9454, 4560119.2061, 0.0 ], [ 415633.2247, 4560120.1375, 0.0 ], [ 415628.5452, 4560120.826899999753, 0.0 ], [ 415624.0636, 4560121.284099999815, 0.0 ], [ 415619.096499999985, 4560121.3426, 0.0 ], [ 415614.7121, 4560120.8446, 0.0 ], [ 415610.225099999981, 4560119.957799999975, 0.0 ], [ 415605.553399999975, 4560118.637799999677, 0.0 ], [ 415601.0936, 4560116.9844, 0.0 ], [ 415596.746099999989, 4560114.8842, 0.0 ], [ 415591.857499999984, 4560112.299399999902, 0.0 ], [ 415587.0273, 4560109.3184, 0.0 ], [ 415582.596499999985, 4560106.473899999633, 0.0 ], [ 415578.075499999977, 4560103.303899999708, 0.0 ], [ 415574.3641, 4560100.1068, 0.0 ], [ 415570.5127, 4560096.126, 0.0 ], [ 415566.559499999974, 4560091.8309, 0.0 ], [ 415562.6707, 4560087.0119, 0.0 ], [ 415559.621, 4560082.6886, 0.0 ], [ 415556.632, 4560077.944799999706, 0.0 ], [ 415554.3275, 4560073.830599999987, 0.0 ], [ 415552.0675, 4560069.490399999544, 0.0 ], [ 415549.944399999978, 4560065.239699999802, 0.0 ], [ 415547.8533, 4560060.99749999959, 0.0 ], [ 415545.503399999987, 4560057.3781, 0.0 ], [ 415543.1261, 4560054.225499999709, 0.0 ], [ 415539.8713, 4560051.029799999669, 0.0 ], [ 415535.3778, 4560047.7739, 0.0 ], [ 415530.707, 4560045.3766, 0.0 ], [ 415525.6261, 4560042.7829, 0.0 ], [ 415521.0221, 4560040.4247, 0.0 ], [ 415517.1783, 4560038.4154, 0.0 ], [ 415511.7419, 4560035.784699999727, 0.0 ], [ 415508.824449999607168, 4560034.6205499991775, 0.0 ], [ 415505.907, 4560033.456399999559, 0.0 ], [ 415501.597499999974, 4560031.745699999854, 0.0 ], [ 415497.3947, 4560029.896099999547, 0.0 ], [ 415493.5898, 4560028.05399999954, 0.0 ], [ 415486.537499999977, 4560025.8397, 0.0 ], [ 415481.373399999982, 4560025.207499999553, 0.0 ], [ 415477.0606, 4560026.474799999967, 0.0 ], [ 415472.0369, 4560028.466799999587, 0.0 ], [ 415466.552199999976, 4560030.578499999829, 0.0 ], [ 415460.584, 4560032.913499999791, 0.0 ], [ 415454.2832, 4560034.783599999733, 0.0 ], [ 415448.3545, 4560036.176199999638, 0.0 ], [ 415443.0484, 4560037.1118, 0.0 ], [ 415442.855495070281904, 4560037.125904274173081, 0.0 ], [ 415438.571899999981, 4560037.4391, 0.0 ], [ 415433.580399999977, 4560037.274799999781, 0.0 ], [ 415428.7295, 4560037.155399999581, 0.0 ], [ 415425.106299999985, 4560036.659799999557, 0.0 ], [ 415421.5148, 4560036.2138, 0.0 ], [ 415420.0287, 4560035.664499999955, 0.0 ], [ 415415.9521, 4560033.6946, 0.0 ], [ 415410.145399999979, 4560030.326299999841, 0.0 ], [ 415403.7319, 4560026.457499999553, 0.0 ], [ 415397.8952, 4560022.962899999693, 0.0 ], [ 415392.608699999982, 4560019.8052, 0.0 ], [ 415388.2611, 4560017.1232, 0.0 ], [ 415385.5529, 4560015.9172, 0.0 ], [ 415381.378099999973, 4560015.544599999674, 0.0 ], [ 415378.8397, 4560016.094899999909, 0.0 ], [ 415379.195, 4560028.0735, 0.0 ], [ 415383.8633, 4560030.904, 0.0 ], [ 415387.9263, 4560032.9285, 0.0 ], [ 415392.2796, 4560035.085099999793, 0.0 ], [ 415396.802099999972, 4560037.285299999639, 0.0 ], [ 415406.824, 4560042.194199999794, 0.0 ], [ 415412.5714, 4560044.710099999793, 0.0 ], [ 415414.744799999986, 4560045.0415, 0.0 ], [ 415421.0628, 4560045.5959, 0.0 ], [ 415424.385799999989, 4560045.398599999957, 0.0 ], [ 415431.1714, 4560044.8013, 0.0 ], [ 415432.146699999983, 4560044.9466, 0.0 ], [ 415433.3983, 4560045.9818, 0.0 ], [ 415434.693, 4560046.6743, 0.0 ], [ 415434.836921633628663, 4560046.632032023742795, 0.0 ], [ 415436.223950324521866, 4560051.370713328942657, 0.0 ], [ 415438.088858261413407, 4560057.962541382759809, 0.0 ], [ 415439.964445880672429, 4560064.379599606618285, 0.0 ], [ 415439.818399999989, 4560064.414599999785, 0.0 ], [ 415440.0505, 4560067.135499999858, 0.0 ], [ 415440.1414, 4560069.913499999791, 0.0 ], [ 415439.9313, 4560071.694299999624, 0.0 ], [ 415437.9367, 4560070.1423, 0.0 ], [ 415436.3885, 4560068.6474, 0.0 ], [ 415433.5722, 4560067.3749, 0.0 ], [ 415430.930799999973, 4560066.6369, 0.0 ], [ 415426.192658117972314, 4560065.742490478791296, 0.0 ], [ 415426.293606098974124, 4560065.385953968390822, 0.0 ], [ 415415.73495880747214, 4560062.357644933275878, 0.0 ], [ 415407.7101, 4560059.343799999915, 0.0 ], [ 415401.8326, 4560056.963899999857, 0.0 ], [ 415402.366199999989, 4560053.1112, 0.0 ], [ 415403.0797, 4560048.042299999855, 0.0 ], [ 415399.5067, 4560046.0822, 0.0 ], [ 415397.0358, 4560050.868099999614, 0.0 ], [ 415395.184599999979, 4560054.372899999842, 0.0 ], [ 415395.629299999971, 4560060.4424, 0.0 ], [ 415396.108699999982, 4560063.1359, 0.0 ], [ 415397.4393, 4560066.783699999563, 0.0 ], [ 415400.2124, 4560067.44579999987, 0.0 ], [ 415401.260699999984, 4560060.269399999641, 0.0 ], [ 415408.058499999985, 4560062.4643, 0.0 ], [ 415415.055839554814156, 4560064.698492635972798, 0.0 ], [ 415425.639783801801968, 4560067.695178167894483, 0.0 ], [ 415425.715064548887312, 4560067.429295336827636, 0.0 ], [ 415428.4953, 4560067.816899999976, 0.0 ], [ 415431.082799999975, 4560068.239, 0.0 ], [ 415434.1402, 4560069.2433, 0.0 ], [ 415436.0777, 4560070.651499999687, 0.0 ], [ 415437.6778, 4560071.9192, 0.0 ], [ 415439.7358, 4560072.792799999937, 0.0 ], [ 415438.917399999977, 4560075.027099999599, 0.0 ], [ 415437.4832, 4560077.5129, 0.0 ], [ 415436.809499999974, 4560079.342299999669, 0.0 ], [ 415438.654099999985, 4560079.5476, 0.0 ], [ 415440.033799999976, 4560077.3634, 0.0 ], [ 415441.1842, 4560075.45299999975, 0.0 ], [ 415442.6133, 4560073.5482, 0.0 ], [ 415444.660099999979, 4560073.4523, 0.0 ], [ 415447.1887, 4560073.7218, 0.0 ], [ 415450.9522, 4560073.8737, 0.0 ], [ 415453.049899999984, 4560074.1193, 0.0 ], [ 415455.2688, 4560074.6057, 0.0 ], [ 415457.175899999973, 4560075.0601, 0.0 ], [ 415459.5788, 4560074.917899999768, 0.0 ], [ 415463.1226, 4560074.7202, 0.0 ], [ 415464.513, 4560076.06699999981, 0.0 ], [ 415462.588899999973, 4560076.9035, 0.0 ], [ 415460.533799999976, 4560078.0913, 0.0 ], [ 415458.0, 4560079.110299999826, 0.0 ], [ 415455.5029, 4560080.621, 0.0 ], [ 415453.6354, 4560081.773299999535, 0.0 ], [ 415451.692, 4560082.8244, 0.0 ], [ 415450.2213315886911, 4560083.318854073993862, 0.0 ], [ 415449.765717700473033, 4560083.472036219201982, 0.0 ], [ 415449.777, 4560084.3683, 0.0 ], [ 415451.7328, 4560083.959099999629, 0.0 ], [ 415453.668799999985, 4560082.917, 0.0 ], [ 415455.7308, 4560081.528, 0.0 ], [ 415458.4674, 4560080.119, 0.0 ], [ 415459.4055, 4560081.694299999624, 0.0 ], [ 415460.852599999984, 4560083.0882, 0.0 ], [ 415460.586599999981, 4560084.102099999785, 0.0 ], [ 415462.5396, 4560085.9822, 0.0 ], [ 415463.8865, 4560088.4369, 0.0 ], [ 415458.346892502624542, 4560090.034220526926219, 0.0 ], [ 415459.101492502610199, 4560092.65122052654624, 0.0 ], [ 415464.6411, 4560091.053899999708, 0.0 ], [ 415465.9791, 4560090.916299999692, 0.0 ], [ 415466.6544, 4560093.788599999622, 0.0 ], [ 415469.7489, 4560093.427299999632, 0.0 ], [ 415469.574, 4560089.7783, 0.0 ], [ 415472.0788, 4560089.007399999537, 0.0 ], [ 415474.319299999974, 4560088.5305, 0.0 ], [ 415476.5959, 4560087.4089, 0.0 ], [ 415479.0359, 4560086.1922, 0.0 ], [ 415481.636283355590422, 4560084.411657591350377, 0.0 ], [ 415481.078175412025303, 4560083.545807884074748, 0.0 ], [ 415479.306, 4560084.797299999744, 0.0 ], [ 415477.6727, 4560085.5915, 0.0 ], [ 415475.431, 4560086.039499999955, 0.0 ], [ 415473.798699999985, 4560085.831799999811, 0.0 ], [ 415474.552099999972, 4560083.556099999696, 0.0 ], [ 415475.3677, 4560081.2197, 0.0 ], [ 415476.0823, 4560079.147599999793, 0.0 ], [ 415477.468251614714973, 4560077.456758393906057, 0.0 ], [ 415476.740727961820085, 4560076.232258453965187, 0.0 ], [ 415475.779, 4560076.7964, 0.0 ], [ 415475.7138, 4560076.9648, 0.0 ], [ 415474.25, 4560075.8744, 0.0 ], [ 415473.372299999988, 4560074.8771, 0.0 ], [ 415473.4491, 4560073.606599999592, 0.0 ], [ 415472.7131, 4560071.2204, 0.0 ], [ 415469.331599999976, 4560072.3858, 0.0 ], [ 415465.117299999984, 4560072.9533, 0.0 ], [ 415462.0753, 4560073.3517, 0.0 ], [ 415458.4294, 4560073.430599999614, 0.0 ], [ 415456.1045, 4560073.1398, 0.0 ], [ 415453.6583, 4560072.6572, 0.0 ], [ 415450.4356, 4560072.3124, 0.0 ], [ 415445.709299999988, 4560072.1561, 0.0 ], [ 415443.0686, 4560071.917899999768, 0.0 ], [ 415442.9515, 4560068.7614, 0.0 ], [ 415442.657499999972, 4560063.734199999832, 0.0 ], [ 415442.511421799310483, 4560063.769208138808608, 0.0 ], [ 415440.47520604392048, 4560056.912463356740773, 0.0 ], [ 415437.26658976462204, 4560045.918469003401697, 0.0 ], [ 415437.410511545196641, 4560045.876200983300805, 0.0 ], [ 415438.014966953778639, 4560045.698680019937456, 0.0 ], [ 415440.5151, 4560054.4899, 0.0 ], [ 415441.769099999976, 4560058.6995, 0.0 ], [ 415443.2452, 4560063.6841, 0.0 ], [ 415446.2253, 4560063.002, 0.0 ], [ 415444.29, 4560054.244, 0.0 ], [ 415443.8803, 4560053.291299999692, 0.0 ], [ 415449.625699999975, 4560052.3139, 0.0 ], [ 415454.684995088377036, 4560051.382417903281748, 0.0 ], [ 415454.684910678479355, 4560051.38202887494117, 0.0 ], [ 415454.782636727089994, 4560051.360824642702937, 0.0 ], [ 415455.071518757787999, 4560052.692223928868771, 0.0 ], [ 415459.633412892289925, 4560051.65234761312604, 0.0 ], [ 415458.808442590001505, 4560047.840364392846823, 0.0 ], [ 415454.244509748881683, 4560048.880705431103706, 0.0 ], [ 415454.425735226424877, 4560049.715937275439501, 0.0 ], [ 415454.328009177988861, 4560049.737141507677734, 0.0 ], [ 415454.328277266293298, 4560049.73837707284838, 0.0 ], [ 415449.1755, 4560050.5431, 0.0 ], [ 415443.5957, 4560051.545099999756, 0.0 ], [ 415443.3467, 4560050.772699999623, 0.0 ], [ 415443.193099999975, 4560048.666299999692, 0.0 ], [ 415443.1152, 4560045.2806, 0.0 ], [ 415443.25965, 4560044.85015, 0.0 ], [ 415443.752099999983, 4560044.1824, 0.0 ], [ 415447.8399, 4560042.9044, 0.0 ], [ 415452.0382, 4560041.6095, 0.0 ], [ 415456.0535, 4560040.3068, 0.0 ], [ 415460.188199999975, 4560039.0316, 0.0 ], [ 415461.6334, 4560038.803799999878, 0.0 ], [ 415463.1101, 4560038.9855, 0.0 ], [ 415464.0233, 4560039.56699999981, 0.0 ], [ 415470.6535, 4560037.576399999671, 0.0 ], [ 415471.9228, 4560036.3721, 0.0 ], [ 415473.9034, 4560034.4698, 0.0 ], [ 415475.1005, 4560033.405199999921, 0.0 ], [ 415477.516599999974, 4560032.0788, 0.0 ], [ 415480.4341, 4560031.284199999645, 0.0 ], [ 415482.994799999986, 4560031.2834, 0.0 ], [ 415486.5493, 4560031.94199999981, 0.0 ], [ 415490.631, 4560033.185499999672, 0.0 ], [ 415494.0514, 4560034.6599, 0.0 ], [ 415496.6029, 4560035.5278, 0.0 ], [ 415496.6426, 4560035.9828, 0.0 ], [ 415495.1337, 4560037.955099999905, 0.0 ], [ 415492.1905, 4560039.646399999969, 0.0 ], [ 415489.0643, 4560041.5475, 0.0 ], [ 415485.4484, 4560043.134399999864, 0.0 ], [ 415482.946799999976, 4560039.462399999611, 0.0 ], [ 415481.488499999978, 4560040.080199999735, 0.0 ], [ 415480.6219, 4560039.6803, 0.0 ], [ 415476.781499999983, 4560040.7889, 0.0 ], [ 415473.6464, 4560043.523099999875, 0.0 ], [ 415474.7247, 4560045.8277, 0.0 ], [ 415475.6573, 4560045.7647, 0.0 ], [ 415476.565899999987, 4560047.6902, 0.0 ], [ 415476.705499999982, 4560050.1067, 0.0 ], [ 415476.639, 4560054.2927, 0.0 ], [ 415475.8363, 4560057.093299999833, 0.0 ], [ 415473.271699999983, 4560060.968399999663, 0.0 ], [ 415470.373499999987, 4560064.4341, 0.0 ], [ 415468.1568, 4560064.139899999835, 0.0 ], [ 415467.7392, 4560069.8262, 0.0 ], [ 415470.1356, 4560070.2805, 0.0 ], [ 415473.792755007976666, 4560071.305220439098775, 0.0 ], [ 415475.10816039290512, 4560074.736455194652081, 0.0 ], [ 415480.125781412178185, 4560074.061789474450052, 0.0 ], [ 415483.627357103221584, 4560065.917067022062838, 0.0 ], [ 415482.8839, 4560061.8068, 0.0 ], [ 415483.1084, 4560059.081799999811, 0.0 ], [ 415481.912, 4560057.2351, 0.0 ], [ 415481.6077, 4560055.8958, 0.0 ], [ 415481.8547, 4560052.4329, 0.0 ], [ 415483.253199999977, 4560050.927299999632, 0.0 ], [ 415486.1251, 4560048.517, 0.0 ], [ 415490.0358, 4560045.8671, 0.0 ], [ 415493.8657, 4560043.62899999972, 0.0 ], [ 415497.825, 4560042.063699999824, 0.0 ], [ 415501.2591, 4560040.295699999668, 0.0 ], [ 415505.046660109714139, 4560039.147092225030065, 0.0 ], [ 415505.046660109888762, 4560039.147092225030065, 0.0 ], [ 415505.451899999985, 4560039.024199999869, 0.0 ], [ 415508.3313, 4560040.387099999934, 0.0 ], [ 415512.813399999985, 4560042.9389, 0.0 ], [ 415517.6384, 4560045.5411, 0.0 ], [ 415521.8393, 4560047.5185, 0.0 ], [ 415526.410199999984, 4560049.6982, 0.0 ], [ 415530.9117, 4560052.1875, 0.0 ], [ 415536.3945, 4560055.1353, 0.0 ], [ 415539.5189, 4560058.585799999535, 0.0 ], [ 415542.3236, 4560062.4132, 0.0 ], [ 415544.7888, 4560066.49, 0.0 ], [ 415547.5734, 4560071.847099999897, 0.0 ], [ 415550.6164, 4560077.1935, 0.0 ], [ 415553.9218, 4560082.7268, 0.0 ], [ 415557.4291, 4560087.28799999971, 0.0 ], [ 415561.9853, 4560092.409199999645, 0.0 ], [ 415566.174899999984, 4560097.2636, 0.0 ], [ 415570.4155, 4560101.5131, 0.0 ], [ 415575.6855, 4560106.303899999708, 0.0 ], [ 415579.422399999981, 4560108.8754, 0.0 ], [ 415584.4719, 4560112.1715, 0.0 ], [ 415588.3568, 4560114.9879, 0.0 ], [ 415592.5849, 4560117.575899999589, 0.0 ], [ 415597.8102, 4560120.24459999986, 0.0 ], [ 415604.4107, 4560122.956299999729, 0.0 ], [ 415609.7132, 4560124.5433, 0.0 ], [ 415615.306, 4560125.3962, 0.0 ], [ 415620.7835, 4560125.5595, 0.0 ], [ 415627.1714, 4560124.980299999937, 0.0 ], [ 415633.910099999979, 4560123.8239, 0.0 ], [ 415641.2279, 4560122.7286, 0.0 ], [ 415646.492099999974, 4560121.7214, 0.0 ], [ 415650.3709, 4560121.17899999954, 0.0 ], [ 415655.1212, 4560120.4444, 0.0 ], [ 415660.413899999985, 4560119.4391, 0.0 ], [ 415665.245799999975, 4560118.712399999611, 0.0 ], [ 415669.5538, 4560117.4731, 0.0 ], [ 415673.3045, 4560116.73, 0.0 ], [ 415677.5246, 4560115.585, 0.0 ], [ 415681.4096, 4560114.1206, 0.0 ], [ 415681.528569467307534, 4560114.030048069544137, 0.0 ] ] } },
{ "type": "Feature", "properties": { "ELEVATION": "0" }, "geometry": { "type": "LineString", "coordinates": [ [ 416167.658666447503492, 4559705.462151649408042, 0.0 ], [ 416167.604764141025953, 4559705.536137064918876, 0.0 ], [ 416163.174668497114908, 4559709.863717438653111, 0.0 ] ] } },
{ "type": "Feature", "properties": { "ELEVATION": "0" }, "geometry": { "type": "LineString", "coordinates": [ [ 416124.666777827020269, 4559705.490235958248377, 0.0 ], [ 416124.688370105985086, 4559705.429398940876126, 0.0 ], [ 416126.645499999984, 4559704.350499999709, 0.0 ], [ 416126.925971614022274, 4559704.161175704561174, 0.0 ], [ 416127.1750633334741, 4559703.251503935083747, 0.0 ], [ 416127.17534644639818, 4559703.250320078805089, 0.0 ], [ 416128.558394787018187, 4559703.589457176625729, 0.0 ], [ 416128.559363692183979, 4559703.585868419148028, 0.0 ], [ 416129.725842481071595, 4559703.868675604462624, 0.0 ], [ 416135.4295, 4559705.2515, 0.0 ], [ 416139.1095, 4559702.8678, 0.0 ], [ 416140.7702, 4559696.9918, 0.0 ], [ 416138.623499999987, 4559693.0722, 0.0 ], [ 416132.309682187915314, 4559691.527627361938357, 0.0 ], [ 416130.882896404305939, 4559690.692625702358782, 0.0 ], [ 416129.184815216285642, 4559689.845972530543804, 0.0 ], [ 416128.773167041188572, 4559689.675239290110767, 0.0 ], [ 416128.486780989624094, 4559689.55645917262882, 0.0 ], [ 416128.200394938176032, 4559689.43767905421555, 0.0 ], [ 416128.2492, 4559688.9027, 0.0 ], [ 416127.674026417604182, 4559688.709015129134059, 0.0 ], [ 416125.7357, 4559688.0563, 0.0 ], [ 416125.5734, 4559688.758, 0.0 ], [ 416124.8172, 4559688.6123, 0.0 ], [ 416123.4265, 4559687.158699999563, 0.0 ], [ 416121.367234826611821, 4559687.530178442597389, 0.0 ], [ 416120.6121, 4559687.6664, 0.0 ], [ 416120.1425, 4559690.3343, 0.0 ], [ 416121.376899999974, 4559691.9918, 0.0 ], [ 416120.620410334027838, 4559692.252037171274424, 0.0 ], [ 416119.6325, 4559696.7202, 0.0 ], [ 416119.885062895016745, 4559697.151722866110504, 0.0 ], [ 416118.4792, 4559698.031899999827, 0.0 ], [ 416117.944399999978, 4559700.7927, 0.0 ], [ 416116.885255524073727, 4559702.022744509391487, 0.0 ], [ 416116.681952355604153, 4559702.656609079800546, 0.0 ], [ 416117.040836600703187, 4559702.783968662843108, 0.0 ], [ 416118.737143835809547, 4559703.385948229581118, 0.0 ], [ 416123.535877998627257, 4559705.088906190358102, 0.0 ], [ 416124.666777826903854, 4559705.490235958248377, 0.0 ] ] } },
{ "type": "Feature", "properties": { "ELEVATION": "0" }, "geometry": { "type": "LineString", "coordinates": [ [ 416129.280027007916942, 4559715.242128966376185, 0.0 ], [ 416129.2083, 4559715.628399999812, 0.0 ], [ 416130.9133, 4559716.0953, 0.0 ], [ 416134.3467, 4559716.9445, 0.0 ], [ 416135.9411, 4559717.717, 0.0 ], [ 416139.4559, 4559718.925099999644, 0.0 ], [ 416143.561997509386856, 4559718.033032957464457, 0.0 ], [ 416144.54647203051718, 4559719.489003352820873, 0.0 ], [ 416145.020883873919956, 4559719.580890081822872, 0.0 ], [ 416144.727797183382791, 4559721.917129182256758, 0.0 ], [ 416149.870700296887662, 4559719.42670030053705, 0.0 ], [ 416153.867126251687296, 4559716.692921413108706, 0.0 ], [ 416158.391358314373065, 4559713.532732160761952, 0.0 ], [ 416161.231654047325719, 4559711.479391600936651, 0.0 ], [ 416161.274240278988145, 4559711.444077391177416, 0.0 ], [ 416158.7658, 4559709.5776, 0.0 ], [ 416156.6356, 4559708.114799999632, 0.0 ], [ 416154.9552, 4559707.6775, 0.0 ], [ 416154.117099999974, 4559707.2662, 0.0 ], [ 416151.182662749604788, 4559705.51221211720258, 0.0 ], [ 416150.4204, 4559705.054899999872, 0.0 ], [ 416150.0458, 4559704.9626, 0.0 ], [ 416148.8945, 4559709.66199999955, 0.0 ], [ 416137.4006, 4559717.191499999724, 0.0 ], [ 416129.28002700797515, 4559715.242128966376185, 0.0 ] ] } },
{ "type": "Feature", "properties": { "ELEVATION": "0" }, "geometry": { "type": "LineString", "coordinates": [ [ 416128.150499133276753, 4559705.128153764642775, 0.0 ], [ 416124.26534147397615, 4559706.621297216974199, 0.0 ], [ 416124.058482811378781, 4559706.701852413825691, 0.0 ], [ 416123.084486145176925, 4559706.360718855634332, 0.0 ], [ 416119.2304540888872, 4559704.992741212248802, 0.0 ], [ 416119.237299999979, 4559705.3541, 0.0 ], [ 416120.8078, 4559708.729399999604, 0.0 ], [ 416122.099, 4559711.821299999952, 0.0 ], [ 416123.214, 4559714.0433, 0.0 ], [ 416123.7283, 4559714.6106, 0.0 ], [ 416124.5319, 4559714.273699999787, 0.0 ], [ 416124.6328, 4559713.634899999946, 0.0 ], [ 416124.403283829975408, 4559712.966932837851346, 0.0 ], [ 416128.1042, 4559713.984899999574, 0.0 ], [ 416129.2822, 4559709.0519, 0.0 ], [ 416130.2566, 4559705.6863, 0.0 ], [ 416129.310477815393824, 4559705.435480118729174, 0.0 ], [ 416128.150787914404646, 4559705.128042780794203, 0.0 ] ] } },
{ "type": "Feature", "properties": { "ELEVATION": "0" }, "geometry": { "type": "LineString", "coordinates": [ [ 416127.674026417604182, 4559688.709015129134059, 0.0 ], [ 416127.674026417604182, 4559688.709015129134059, 0.0 ], [ 416127.674026417313144, 4559688.709015130996704, 0.0 ] ] } },
{ "type": "Feature", "properties": { "ELEVATION": "42.172" }, "geometry": { "type": "LineString", "coordinates": [ [ 416013.7453, 4559841.6814, 42.172000885009766 ], [ 416016.240359651914332, 4559840.663659807294607, 42.172000885009766 ], [ 416018.557199999981, 4559847.156499999575, 42.172000885009766 ], [ 416016.0592, 4559848.16599999927, 42.172000885009766 ], [ 416013.7453, 4559841.6814, 42.172000885009766 ] ] } },
{ "type": "Feature", "properties": { "ELEVATION": "0" }, "geometry": { "type": "LineString", "coordinates": [ [ 415699.440700982173439, 4559914.638368552550673, 0.0 ], [ 415696.6082, 4559915.538599999622, 0.0 ], [ 415697.2186, 4559917.446499999613, 0.0 ], [ 415700.051100982178468, 4559916.546268552541733, 0.0 ], [ 415699.440700982173439, 4559914.638368552550673, 0.0 ] ] } },
{ "type": "Feature", "properties": { "ELEVATION": "0" }, "geometry": { "type": "LineString", "coordinates": [ [ 416238.536360901314765, 4559667.282437909394503, 0.0 ], [ 416241.9306, 4559676.1709, 0.0 ], [ 416248.009299999976, 4559673.990799999796, 0.0 ], [ 416245.1843, 4559666.4702, 0.0 ], [ 416244.6867, 4559665.1608, 0.0 ], [ 416238.536360901372973, 4559667.282437909394503, 0.0 ] ] } },
{ "type": "Feature", "properties": { "ELEVATION": "107.756" }, "geometry": { "type": "LineString", "coordinates": [ [ 415434.419758003263269, 4560112.093726295046508, 107.755996704101563 ], [ 415434.412294329609722, 4560112.2456528628245, 107.755996704101563 ], [ 415434.38997518789256, 4560112.39611629396677, 107.755996704101563 ], [ 415434.353015523636714, 4560112.543667544610798, 107.755996704101563 ], [ 415434.301771278667729, 4560112.686885614879429, 107.755996704101563 ], [ 415434.236735963029787, 4560112.824391237460077, 107.755996704101563 ], [ 415434.158535902330186, 4560112.954860156401992, 107.755996704101563 ], [ 415434.067924205970485, 4560113.077035885304213, 107.755996704101563 ], [ 415433.965773514122702, 4560113.189741806127131, 107.755996704101563 ], [ 415433.853067593707237, 4560113.291892497800291, 107.755996704101563 ], [ 415433.730891864455771, 4560113.382504194043577, 107.755996704101563 ], [ 415433.600422945339233, 4560113.4607042549178, 107.755996704101563 ], [ 415433.462917323457077, 4560113.525739570148289, 107.755996704101563 ], [ 415433.319699253013823, 4560113.576983815059066, 107.755996704101563 ], [ 415433.172148002369795, 4560113.613943479955196, 107.755996704101563 ], [ 415433.021684570761863, 4560113.636262621730566, 107.755996704101563 ], [ 415432.86975800327491, 4560113.643726294860244, 107.755996704101563 ], [ 415432.717831435787957, 4560113.636262621730566, 107.755996704101563 ], [ 415432.567368004180025, 4560113.613943479955196, 107.755996704101563 ], [ 415432.419816753535997, 4560113.576983815059066, 107.755996704101563 ], [ 415432.276598683092743, 4560113.525739570148289, 107.755996704101563 ], [ 415432.139093061210588, 4560113.4607042549178, 107.755996704101563 ], [ 415432.00862414209405, 4560113.382504194043577, 107.755996704101563 ], [ 415431.886448412842583, 4560113.291892497800291, 107.755996704101563 ], [ 415431.773742492427118, 4560113.189741806127131, 107.755996704101563 ], [ 415431.671591800579336, 4560113.077035885304213, 107.755996704101563 ], [ 415431.580980104219634, 4560112.954860156401992, 107.755996704101563 ], [ 415431.502780043520033, 4560112.824391237460077, 107.755996704101563 ], [ 415431.437744727882091, 4560112.686885614879429, 107.755996704101563 ], [ 415431.386500482913107, 4560112.543667544610798, 107.755996704101563 ], [ 415431.34954081865726, 4560112.39611629396677, 107.755996704101563 ], [ 415431.327221676940098, 4560112.2456528628245, 107.755996704101563 ], [ 415431.319758003286552, 4560112.093726295046508, 107.755996704101563 ], [ 415431.327221676940098, 4560111.941799727268517, 107.755996704101563 ], [ 415431.34954081865726, 4560111.791336296126246, 107.755996704101563 ], [ 415431.386500482913107, 4560111.643785045482218, 107.755996704101563 ], [ 415431.437744727882091, 4560111.500566975213587, 107.755996704101563 ], [ 415431.502780043520033, 4560111.36306135263294, 107.755996704101563 ], [ 415431.580980104219634, 4560111.232592433691025, 107.755996704101563 ], [ 415431.671591800579336, 4560111.110416704788804, 107.755996704101563 ], [ 415431.773742492427118, 4560110.997710783965886, 107.755996704101563 ], [ 415431.886448412842583, 4560110.895560092292726, 107.755996704101563 ], [ 415432.00862414209405, 4560110.80494839604944, 107.755996704101563 ], [ 415432.139093061210588, 4560110.726748335175216, 107.755996704101563 ], [ 415432.276598683092743, 4560110.661713019944727, 107.755996704101563 ], [ 415432.419816753535997, 4560110.610468775033951, 107.755996704101563 ], [ 415432.567368004180025, 4560110.57350911013782, 107.755996704101563 ], [ 415432.717831435787957, 4560110.551189968362451, 107.755996704101563 ], [ 415432.86975800327491, 4560110.543726295232773, 107.755996704101563 ], [ 415433.021684570761863, 4560110.551189968362451, 107.755996704101563 ], [ 415433.172148002369795, 4560110.57350911013782, 107.755996704101563 ], [ 415433.319699253013823, 4560110.610468775033951, 107.755996704101563 ], [ 415433.462917323457077, 4560110.661713019944727, 107.755996704101563 ], [ 415433.600422945339233, 4560110.726748335175216, 107.755996704101563 ], [ 415433.730891864455771, 4560110.80494839604944, 107.755996704101563 ], [ 415433.853067593707237, 4560110.895560092292726, 107.755996704101563 ], [ 415433.965773514122702, 4560110.997710783965886, 107.755996704101563 ], [ 415434.067924205970485, 4560111.110416704788804, 107.755996704101563 ], [ 415434.158535902330186, 4560111.232592433691025, 107.755996704101563 ], [ 415434.236735963029787, 4560111.36306135263294, 107.755996704101563 ], [ 415434.301771278667729, 4560111.500566975213587, 107.755996704101563 ], [ 415434.353015523636714, 4560111.643785045482218, 107.755996704101563 ], [ 415434.38997518789256, 4560111.791336296126246, 107.755996704101563 ], [ 415434.412294329609722, 4560111.941799727268517, 107.755996704101563 ], [ 415434.419758003263269, 4560112.093726295046508, 107.755996704101563 ] ] } },
{ "type": "Feature", "properties": { "ELEVATION": "43.072" }, "geometry": { "type": "Point", "coordinates": [ 416084.332853682280984, 4559638.640453580766916, 43.071998596191406 ] } },
{ "type": "Feature", "properties": { "ELEVATION": "84.994" }, "geometry": { "type": "Point", "coordinates": [ 415562.272837340075057, 4559745.952933046035469, 84.994003295898438 ] } },
{ "type": "Feature", "properties": { "ELEVATION": "49.635" }, "geometry": { "type": "Point", "coordinates": [ 415986.16421256470494, 4559667.875312211923301, 49.634998321533203 ] } },
{ "type": "Feature", "properties": { "ELEVATION": "88.706" }, "geometry": { "type": "Point", "coordinates": [ 415564.18796506721992, 4559889.636098642833531, 88.706001281738281 ] } },
{ "type": "Feature", "properties": { "ELEVATION": "123.312" }, "geometry": { "type": "Point", "coordinates": [ 415399.241132839408237, 4560214.197897801175714, 123.311996459960938 ] } },
{ "type": "Feature", "properties": { "ELEVATION": "100.671" }, "geometry": { "type": "Point", "coordinates": [ 415439.770944064192008, 4559903.783992850221694, 100.670997619628906 ] } }
]
}
